match_id,season_id,league_id,matchday,home_team_id,away_team_id,winner,utc_date
435943,1,1,1,328,65,AWAY_TEAM,2023-08-11
435944,1,1,1,57,351,HOME_TEAM,2023-08-12
435945,1,1,1,1044,563,DRAW,2023-08-12
435946,1,1,1,397,389,HOME_TEAM,2023-08-12
435947,1,1,1,62,63,AWAY_TEAM,2023-08-12
435948,1,1,1,356,354,AWAY_TEAM,2023-08-12
435949,1,1,1,67,58,HOME_TEAM,2023-08-12
435950,1,1,1,402,73,DRAW,2023-08-13
435951,1,1,1,61,64,DRAW,2023-08-13
435952,1,1,1,66,76,HOME_TEAM,2023-08-14
435959,1,1,2,351,356,HOME_TEAM,2023-08-18
435955,1,1,2,63,402,AWAY_TEAM,2023-08-19
435956,1,1,2,64,1044,HOME_TEAM,2023-08-19
435962,1,1,2,76,397,AWAY_TEAM,2023-08-19
435960,1,1,2,73,66,HOME_TEAM,2023-08-19
435958,1,1,2,65,67,HOME_TEAM,2023-08-19
435953,1,1,2,58,62,HOME_TEAM,2023-08-20
435961,1,1,2,563,61,HOME_TEAM,2023-08-20
435954,1,1,2,354,57,AWAY_TEAM,2023-08-21
435968,1,1,3,61,389,HOME_TEAM,2023-08-25
435963,1,1,3,1044,73,AWAY_TEAM,2023-08-26
435969,1,1,3,62,76,AWAY_TEAM,2023-08-26
435970,1,1,3,66,351,HOME_TEAM,2023-08-26
435964,1,1,3,57,63,DRAW,2023-08-26
435965,1,1,3,402,354,DRAW,2023-08-26
435966,1,1,3,397,563,AWAY_TEAM,2023-08-26
435972,1,1,3,356,65,AWAY_TEAM,2023-08-27
435967,1,1,3,328,58,AWAY_TEAM,2023-08-27
435971,1,1,3,67,64,AWAY_TEAM,2023-08-27
435980,1,1,4,389,563,AWAY_TEAM,2023-09-01
435982,1,1,4,356,62,DRAW,2023-09-02
435974,1,1,4,402,1044,DRAW,2023-09-02
435976,1,1,4,328,73,AWAY_TEAM,2023-09-02
435977,1,1,4,61,351,AWAY_TEAM,2023-09-02
435981,1,1,4,65,63,HOME_TEAM,2023-09-02
435975,1,1,4,397,67,HOME_TEAM,2023-09-02
435978,1,1,4,354,76,HOME_TEAM,2023-09-03
435979,1,1,4,64,58,HOME_TEAM,2023-09-03
435973,1,1,4,57,66,HOME_TEAM,2023-09-03
435992,1,1,5,76,64,AWAY_TEAM,2023-09-16
435984,1,1,5,58,354,HOME_TEAM,2023-09-16
435986,1,1,5,63,389,HOME_TEAM,2023-09-16
435987,1,1,5,66,397,AWAY_TEAM,2023-09-16
435990,1,1,5,73,356,HOME_TEAM,2023-09-16
435991,1,1,5,563,65,AWAY_TEAM,2023-09-16
435988,1,1,5,67,402,HOME_TEAM,2023-09-16
435983,1,1,5,1044,61,DRAW,2023-09-17
435985,1,1,5,62,57,AWAY_TEAM,2023-09-17
435989,1,1,5,351,328,DRAW,2023-09-18
435998,1,1,6,354,63,DRAW,2023-09-23
436000,1,1,6,389,76,DRAW,2023-09-23
436001,1,1,6,65,351,HOME_TEAM,2023-09-23
435994,1,1,6,402,62,AWAY_TEAM,2023-09-23
435996,1,1,6,328,66,AWAY_TEAM,2023-09-23
435993,1,1,6,57,73,DRAW,2023-09-24
435995,1,1,6,397,1044,HOME_TEAM,2023-09-24
435997,1,1,6,61,58,AWAY_TEAM,2023-09-24
435999,1,1,6,64,563,HOME_TEAM,2023-09-24
436002,1,1,6,356,67,AWAY_TEAM,2023-09-24
436004,1,1,7,58,397,HOME_TEAM,2023-09-30
436003,1,1,7,1044,57,AWAY_TEAM,2023-09-30
436005,1,1,7,62,389,AWAY_TEAM,2023-09-30
436007,1,1,7,66,354,AWAY_TEAM,2023-09-30
436008,1,1,7,67,328,HOME_TEAM,2023-09-30
436011,1,1,7,563,356,HOME_TEAM,2023-09-30
436012,1,1,7,76,65,HOME_TEAM,2023-09-30
436010,1,1,7,73,64,HOME_TEAM,2023-09-30
436009,1,1,7,351,402,DRAW,2023-10-01
436006,1,1,7,63,61,AWAY_TEAM,2023-10-02
435957,1,1,2,389,328,AWAY_TEAM,2023-10-03
436019,1,1,8,389,73,AWAY_TEAM,2023-10-07
436015,1,1,8,328,61,AWAY_TEAM,2023-10-07
436017,1,1,8,62,1044,HOME_TEAM,2023-10-07
436018,1,1,8,63,356,HOME_TEAM,2023-10-07
436020,1,1,8,66,402,HOME_TEAM,2023-10-07
436016,1,1,8,354,351,DRAW,2023-10-07
436014,1,1,8,397,64,DRAW,2023-10-08
436021,1,1,8,563,67,DRAW,2023-10-08
436022,1,1,8,76,58,DRAW,2023-10-08
436013,1,1,8,57,65,HOME_TEAM,2023-10-08
436027,1,1,9,64,62,HOME_TEAM,2023-10-21
436023,1,1,9,1044,76,AWAY_TEAM,2023-10-21
436025,1,1,9,402,328,HOME_TEAM,2023-10-21
436028,1,1,9,65,397,HOME_TEAM,2023-10-21
436029,1,1,9,67,354,HOME_TEAM,2023-10-21
436030,1,1,9,351,389,DRAW,2023-10-21
436026,1,1,9,61,57,DRAW,2023-10-21
436031,1,1,9,356,66,AWAY_TEAM,2023-10-21
436024,1,1,9,58,563,HOME_TEAM,2023-10-22
436032,1,1,9,73,63,HOME_TEAM,2023-10-23
436038,1,1,10,354,73,AWAY_TEAM,2023-10-27
436037,1,1,10,61,402,AWAY_TEAM,2023-10-28
436033,1,1,10,1044,328,HOME_TEAM,2023-10-28
436034,1,1,10,57,356,HOME_TEAM,2023-10-28
436042,1,1,10,76,67,DRAW,2023-10-28
436041,1,1,10,563,62,AWAY_TEAM,2023-10-29
436035,1,1,10,58,389,HOME_TEAM,2023-10-29
436036,1,1,10,397,63,DRAW,2023-10-29
436039,1,1,10,64,351,HOME_TEAM,2023-10-29
436040,1,1,10,66,65,AWAY_TEAM,2023-10-29
436046,1,1,11,63,66,AWAY_TEAM,2023-11-04
436043,1,1,11,402,563,HOME_TEAM,2023-11-04
436044,1,1,11,328,354,AWAY_TEAM,2023-11-04
436045,1,1,11,62,397,DRAW,2023-11-04
436048,1,1,11,65,1044,HOME_TEAM,2023-11-04
436051,1,1,11,356,76,HOME_TEAM,2023-11-04
436049,1,1,11,67,57,HOME_TEAM,2023-11-04
436050,1,1,11,351,58,HOME_TEAM,2023-11-05
436047,1,1,11,389,64,DRAW,2023-11-05
436052,1,1,11,73,61,AWAY_TEAM,2023-11-06
436062,1,1,12,76,73,HOME_TEAM,2023-11-11
436054,1,1,12,57,328,HOME_TEAM,2023-11-11
436058,1,1,12,354,62,AWAY_TEAM,2023-11-11
436060,1,1,12,66,389,HOME_TEAM,2023-11-11
436053,1,1,12,1044,67,HOME_TEAM,2023-11-11
436055,1,1,12,58,63,HOME_TEAM,2023-11-12
436056,1,1,12,397,356,DRAW,2023-11-12
436059,1,1,12,64,402,HOME_TEAM,2023-11-12
436061,1,1,12,563,351,HOME_TEAM,2023-11-12
436057,1,1,12,61,65,DRAW,2023-11-12
436068,1,1,13,65,64,DRAW,2023-11-25
436064,1,1,13,328,563,AWAY_TEAM,2023-11-25
436067,1,1,13,389,354,HOME_TEAM,2023-11-25
436069,1,1,13,67,61,HOME_TEAM,2023-11-25
436070,1,1,13,351,397,AWAY_TEAM,2023-11-25
436071,1,1,13,356,1044,AWAY_TEAM,2023-11-25
436063,1,1,13,402,57,AWAY_TEAM,2023-11-25
436072,1,1,13,73,58,AWAY_TEAM,2023-11-26
436065,1,1,13,62,66,AWAY_TEAM,2023-11-26
436066,1,1,13,63,76,HOME_TEAM,2023-11-27
436074,1,1,14,57,76,HOME_TEAM,2023-12-02
436075,1,1,14,402,389,HOME_TEAM,2023-12-02
436076,1,1,14,328,356,HOME_TEAM,2023-12-02
436081,1,1,14,351,62,AWAY_TEAM,2023-12-02
436080,1,1,14,67,66,HOME_TEAM,2023-12-02
436073,1,1,14,1044,58,DRAW,2023-12-03
436077,1,1,14,61,397,HOME_TEAM,2023-12-03
436078,1,1,14,64,63,HOME_TEAM,2023-12-03
436082,1,1,14,563,354,DRAW,2023-12-03
436079,1,1,14,65,73,DRAW,2023-12-03
436090,1,1,15,76,328,HOME_TEAM,2023-12-05
436087,1,1,15,389,57,AWAY_TEAM,2023-12-05
436084,1,1,15,397,402,HOME_TEAM,2023-12-06
436086,1,1,15,63,351,HOME_TEAM,2023-12-06
436088,1,1,15,356,64,AWAY_TEAM,2023-12-06
436091,1,1,15,354,1044,AWAY_TEAM,2023-12-06
436083,1,1,15,58,65,HOME_TEAM,2023-12-06
436092,1,1,15,66,61,HOME_TEAM,2023-12-06
436085,1,1,15,62,67,HOME_TEAM,2023-12-07
436089,1,1,15,73,563,AWAY_TEAM,2023-12-07
436095,1,1,16,354,64,AWAY_TEAM,2023-12-09
436094,1,1,16,397,328,DRAW,2023-12-09
436099,1,1,16,66,1044,AWAY_TEAM,2023-12-09
436100,1,1,16,356,402,HOME_TEAM,2023-12-09
436102,1,1,16,76,351,DRAW,2023-12-09
436093,1,1,16,58,57,HOME_TEAM,2023-12-09
436096,1,1,16,62,61,HOME_TEAM,2023-12-10
436097,1,1,16,63,563,HOME_TEAM,2023-12-10
436098,1,1,16,389,65,AWAY_TEAM,2023-12-10
436101,1,1,16,73,67,HOME_TEAM,2023-12-10
436111,1,1,17,351,73,AWAY_TEAM,2023-12-15
436107,1,1,17,61,356,HOME_TEAM,2023-12-16
436109,1,1,17,65,354,DRAW,2023-12-16
436110,1,1,17,67,63,HOME_TEAM,2023-12-16
436106,1,1,17,328,62,AWAY_TEAM,2023-12-16
436104,1,1,17,57,397,HOME_TEAM,2023-12-17
436105,1,1,17,402,58,AWAY_TEAM,2023-12-17
436112,1,1,17,563,76,HOME_TEAM,2023-12-17
436108,1,1,17,64,66,DRAW,2023-12-17
436114,1,1,18,354,397,DRAW,2023-12-21
436113,1,1,18,58,356,DRAW,2023-12-22
436121,1,1,18,563,66,HOME_TEAM,2023-12-23
436115,1,1,18,63,328,AWAY_TEAM,2023-12-23
436117,1,1,18,389,67,HOME_TEAM,2023-12-23
436119,1,1,18,351,1044,AWAY_TEAM,2023-12-23
436120,1,1,18,73,62,HOME_TEAM,2023-12-23
436116,1,1,18,64,57,DRAW,2023-12-23
436122,1,1,18,76,61,HOME_TEAM,2023-12-24
436131,1,1,19,67,351,AWAY_TEAM,2023-12-26
436123,1,1,19,1044,63,HOME_TEAM,2023-12-26
436132,1,1,19,356,389,AWAY_TEAM,2023-12-26
436127,1,1,19,328,64,AWAY_TEAM,2023-12-26
436130,1,1,19,66,58,HOME_TEAM,2023-12-26
436125,1,1,19,402,76,AWAY_TEAM,2023-12-27
436128,1,1,19,61,354,HOME_TEAM,2023-12-27
436129,1,1,19,62,65,AWAY_TEAM,2023-12-27
436126,1,1,19,397,73,HOME_TEAM,2023-12-28
436124,1,1,19,57,563,AWAY_TEAM,2023-12-28
436137,1,1,20,389,61,AWAY_TEAM,2023-12-30
436133,1,1,20,58,328,HOME_TEAM,2023-12-30
436134,1,1,20,354,402,HOME_TEAM,2023-12-30
436138,1,1,20,65,356,HOME_TEAM,2023-12-30
436142,1,1,20,76,62,HOME_TEAM,2023-12-30
436139,1,1,20,351,66,HOME_TEAM,2023-12-30
436135,1,1,20,63,57,HOME_TEAM,2023-12-31
436140,1,1,20,73,1044,HOME_TEAM,2023-12-31
436136,1,1,20,64,67,HOME_TEAM,2024-01-01
436141,1,1,20,563,397,DRAW,2024-01-02
436147,1,1,21,328,389,DRAW,2024-01-12
436148,1,1,21,61,63,HOME_TEAM,2024-01-13
436151,1,1,21,67,65,AWAY_TEAM,2024-01-13
436149,1,1,21,62,58,DRAW,2024-01-14
436150,1,1,21,66,73,DRAW,2024-01-14
436144,1,1,21,57,354,HOME_TEAM,2024-01-20
436145,1,1,21,402,351,HOME_TEAM,2024-01-20
436152,1,1,21,356,563,DRAW,2024-01-21
436143,1,1,21,1044,64,AWAY_TEAM,2024-01-21
436146,1,1,21,397,76,DRAW,2024-01-22
436153,1,1,22,351,57,AWAY_TEAM,2024-01-30
436155,1,1,22,389,397,HOME_TEAM,2024-01-30
436156,1,1,22,63,62,DRAW,2024-01-30
436157,1,1,22,354,356,HOME_TEAM,2024-01-30
436158,1,1,22,58,67,AWAY_TEAM,2024-01-30
436159,1,1,22,73,402,HOME_TEAM,2024-01-31
436161,1,1,22,65,328,HOME_TEAM,2024-01-31
436162,1,1,22,64,61,HOME_TEAM,2024-01-31
436154,1,1,22,563,1044,DRAW,2024-02-01
436160,1,1,22,76,66,AWAY_TEAM,2024-02-01
436169,1,1,23,62,73,DRAW,2024-02-03
436166,1,1,23,397,354,HOME_TEAM,2024-02-03
436167,1,1,23,328,63,DRAW,2024-02-03
436171,1,1,23,67,389,DRAW,2024-02-03
436172,1,1,23,356,58,AWAY_TEAM,2024-02-03
436163,1,1,23,1044,351,DRAW,2024-02-04
436168,1,1,23,61,76,AWAY_TEAM,2024-02-04
436170,1,1,23,66,563,HOME_TEAM,2024-02-04
436164,1,1,23,57,64,HOME_TEAM,2024-02-04
436165,1,1,23,402,65,AWAY_TEAM,2024-02-05
436178,1,1,24,65,62,HOME_TEAM,2024-02-10
436175,1,1,24,63,1044,HOME_TEAM,2024-02-10
436176,1,1,24,64,328,HOME_TEAM,2024-02-10
436177,1,1,24,389,356,AWAY_TEAM,2024-02-10
436180,1,1,24,73,397,HOME_TEAM,2024-02-10
436182,1,1,24,76,402,AWAY_TEAM,2024-02-10
436179,1,1,24,351,67,AWAY_TEAM,2024-02-10
436181,1,1,24,563,57,AWAY_TEAM,2024-02-11
436173,1,1,24,58,66,AWAY_TEAM,2024-02-11
436174,1,1,24,354,61,AWAY_TEAM,2024-02-12
436183,1,1,25,402,64,AWAY_TEAM,2024-02-17
436184,1,1,25,328,57,AWAY_TEAM,2024-02-17
436186,1,1,25,63,58,AWAY_TEAM,2024-02-17
436189,1,1,25,67,1044,DRAW,2024-02-17
436190,1,1,25,351,563,HOME_TEAM,2024-02-17
436192,1,1,25,73,76,AWAY_TEAM,2024-02-17
436188,1,1,25,65,61,DRAW,2024-02-17
436191,1,1,25,356,397,AWAY_TEAM,2024-02-18
436187,1,1,25,389,66,AWAY_TEAM,2024-02-18
436185,1,1,25,62,354,DRAW,2024-02-19
436118,1,1,18,65,402,HOME_TEAM,2024-02-20
436199,1,1,26,64,389,HOME_TEAM,2024-02-21
436195,1,1,26,58,351,HOME_TEAM,2024-02-24
436196,1,1,26,397,62,DRAW,2024-02-24
436198,1,1,26,354,328,HOME_TEAM,2024-02-24
436200,1,1,26,66,63,AWAY_TEAM,2024-02-24
436193,1,1,26,1044,65,AWAY_TEAM,2024-02-24
436194,1,1,26,57,67,HOME_TEAM,2024-02-24
436202,1,1,26,76,356,HOME_TEAM,2024-02-25
436201,1,1,26,563,402,HOME_TEAM,2024-02-26
436203,1,1,27,402,61,DRAW,2024-03-02
436205,1,1,27,62,563,AWAY_TEAM,2024-03-02
436206,1,1,27,63,397,HOME_TEAM,2024-03-02
436209,1,1,27,67,76,HOME_TEAM,2024-03-02
436210,1,1,27,351,64,AWAY_TEAM,2024-03-02
436212,1,1,27,73,354,HOME_TEAM,2024-03-02
436207,1,1,27,389,58,AWAY_TEAM,2024-03-02
436204,1,1,27,328,1044,AWAY_TEAM,2024-03-03
436208,1,1,27,65,66,HOME_TEAM,2024-03-03
436211,1,1,27,356,57,AWAY_TEAM,2024-03-04
436220,1,1,28,66,62,HOME_TEAM,2024-03-09
436213,1,1,28,1044,356,DRAW,2024-03-09
436218,1,1,28,354,389,DRAW,2024-03-09
436222,1,1,28,76,63,HOME_TEAM,2024-03-09
436214,1,1,28,57,402,HOME_TEAM,2024-03-09
436215,1,1,28,58,73,AWAY_TEAM,2024-03-10
436216,1,1,28,397,351,HOME_TEAM,2024-03-10
436221,1,1,28,563,328,DRAW,2024-03-10
436219,1,1,28,64,65,DRAW,2024-03-10
436217,1,1,28,61,67,HOME_TEAM,2024-03-11
436103,1,1,17,1044,389,HOME_TEAM,2024-03-13
436225,1,1,29,328,402,HOME_TEAM,2024-03-16
436229,1,1,29,389,351,DRAW,2024-03-16
436228,1,1,29,63,73,HOME_TEAM,2024-03-16
436231,1,1,29,563,58,DRAW,2024-03-17
436239,1,1,30,67,563,HOME_TEAM,2024-03-30
436233,1,1,30,1044,62,HOME_TEAM,2024-03-30
436236,1,1,30,61,328,DRAW,2024-03-30
436240,1,1,30,351,354,DRAW,2024-03-30
436241,1,1,30,356,63,DRAW,2024-03-30
436242,1,1,30,73,389,HOME_TEAM,2024-03-30
436234,1,1,30,58,76,HOME_TEAM,2024-03-30
436235,1,1,30,402,66,DRAW,2024-03-30
436237,1,1,30,64,397,HOME_TEAM,2024-03-31
436238,1,1,30,65,57,DRAW,2024-03-31
436247,1,1,31,351,63,HOME_TEAM,2024-04-02
436250,1,1,31,67,62,DRAW,2024-04-02
436243,1,1,31,1044,354,HOME_TEAM,2024-04-02
436246,1,1,31,328,76,DRAW,2024-04-02
436248,1,1,31,563,73,DRAW,2024-04-02
436244,1,1,31,57,389,HOME_TEAM,2024-04-03
436245,1,1,31,402,397,DRAW,2024-04-03
436252,1,1,31,65,58,HOME_TEAM,2024-04-03
436251,1,1,31,64,356,HOME_TEAM,2024-04-04
436249,1,1,31,61,66,HOME_TEAM,2024-04-04
436255,1,1,32,354,65,AWAY_TEAM,2024-04-06
436253,1,1,32,58,402,DRAW,2024-04-06
436256,1,1,32,62,328,HOME_TEAM,2024-04-06
436257,1,1,32,63,67,AWAY_TEAM,2024-04-06
436258,1,1,32,389,1044,HOME_TEAM,2024-04-06
436262,1,1,32,76,563,AWAY_TEAM,2024-04-06
436254,1,1,32,397,57,AWAY_TEAM,2024-04-06
436259,1,1,32,66,64,DRAW,2024-04-07
436260,1,1,32,356,61,DRAW,2024-04-07
436261,1,1,32,73,351,HOME_TEAM,2024-04-07
436270,1,1,33,67,73,HOME_TEAM,2024-04-13
436265,1,1,33,402,356,HOME_TEAM,2024-04-13
436266,1,1,33,328,397,DRAW,2024-04-13
436269,1,1,33,65,389,HOME_TEAM,2024-04-13
436271,1,1,33,351,76,DRAW,2024-04-13
436263,1,1,33,1044,66,DRAW,2024-04-13
436268,1,1,33,64,354,AWAY_TEAM,2024-04-14
436272,1,1,33,563,63,AWAY_TEAM,2024-04-14
436264,1,1,33,57,58,AWAY_TEAM,2024-04-14
436267,1,1,33,61,62,HOME_TEAM,2024-04-15
436278,1,1,34,389,402,AWAY_TEAM,2024-04-20
436280,1,1,34,356,328,AWAY_TEAM,2024-04-20
436282,1,1,34,76,57,AWAY_TEAM,2024-04-20
436276,1,1,34,62,351,HOME_TEAM,2024-04-21
436273,1,1,34,58,1044,HOME_TEAM,2024-04-21
436275,1,1,34,354,563,HOME_TEAM,2024-04-21
436277,1,1,34,63,64,AWAY_TEAM,2024-04-21
436223,1,1,29,57,61,HOME_TEAM,2024-04-23
436232,1,1,29,76,1044,AWAY_TEAM,2024-04-24
436226,1,1,29,354,67,HOME_TEAM,2024-04-24
436227,1,1,29,62,64,HOME_TEAM,2024-04-24
436230,1,1,29,66,356,HOME_TEAM,2024-04-24
436224,1,1,29,397,65,AWAY_TEAM,2024-04-25
436291,1,1,35,563,64,DRAW,2024-04-27
436286,1,1,35,63,354,DRAW,2024-04-27
436287,1,1,35,66,328,DRAW,2024-04-27
436288,1,1,35,67,356,HOME_TEAM,2024-04-27
436292,1,1,35,76,389,HOME_TEAM,2024-04-27
436285,1,1,35,62,402,HOME_TEAM,2024-04-27
436284,1,1,35,58,61,DRAW,2024-04-27
436283,1,1,35,1044,397,HOME_TEAM,2024-04-28
436290,1,1,35,73,57,AWAY_TEAM,2024-04-28
436289,1,1,35,351,65,AWAY_TEAM,2024-04-28
436197,1,1,26,61,73,HOME_TEAM,2024-05-02
436300,1,1,36,389,62,DRAW,2024-05-03
436293,1,1,36,57,1044,HOME_TEAM,2024-05-04
436294,1,1,36,402,63,DRAW,2024-05-04
436296,1,1,36,328,67,AWAY_TEAM,2024-05-04
436302,1,1,36,356,351,AWAY_TEAM,2024-05-04
436301,1,1,36,65,76,HOME_TEAM,2024-05-04
436295,1,1,36,397,58,HOME_TEAM,2024-05-05
436297,1,1,36,61,563,HOME_TEAM,2024-05-05
436299,1,1,36,64,73,HOME_TEAM,2024-05-05
436298,1,1,36,354,66,HOME_TEAM,2024-05-06
436306,1,1,37,63,65,AWAY_TEAM,2024-05-11
436303,1,1,37,1044,402,AWAY_TEAM,2024-05-11
436305,1,1,37,62,356,HOME_TEAM,2024-05-11
436308,1,1,37,67,397,DRAW,2024-05-11
436310,1,1,37,73,328,HOME_TEAM,2024-05-11
436311,1,1,37,563,389,HOME_TEAM,2024-05-11
436312,1,1,37,76,354,AWAY_TEAM,2024-05-11
436309,1,1,37,351,61,AWAY_TEAM,2024-05-11
436307,1,1,37,66,57,AWAY_TEAM,2024-05-12
436304,1,1,37,58,64,DRAW,2024-05-13
436281,1,1,34,73,65,AWAY_TEAM,2024-05-14
436274,1,1,34,397,61,AWAY_TEAM,2024-05-15
436279,1,1,34,66,67,HOME_TEAM,2024-05-15
436313,1,1,38,57,62,HOME_TEAM,2024-05-19
436314,1,1,38,402,67,AWAY_TEAM,2024-05-19
436315,1,1,38,397,66,AWAY_TEAM,2024-05-19
436316,1,1,38,328,351,AWAY_TEAM,2024-05-19
436317,1,1,38,61,1044,HOME_TEAM,2024-05-19
436318,1,1,38,354,58,HOME_TEAM,2024-05-19
436319,1,1,38,64,76,HOME_TEAM,2024-05-19
436320,1,1,38,389,63,AWAY_TEAM,2024-05-19
436321,1,1,38,65,563,HOME_TEAM,2024-05-19
436322,1,1,38,356,73,AWAY_TEAM,2024-05-19
444255,2,2,1,445,450,AWAY_TEAM,2023-08-19
444256,2,2,1,470,113,AWAY_TEAM,2023-08-19
444257,2,2,1,107,99,AWAY_TEAM,2023-08-19
444258,2,2,1,108,5911,HOME_TEAM,2023-08-19
444260,2,2,1,100,455,DRAW,2023-08-20
444261,2,2,1,471,102,AWAY_TEAM,2023-08-20
444259,2,2,1,5890,110,HOME_TEAM,2023-08-20
444263,2,2,1,115,109,AWAY_TEAM,2023-08-20
444262,2,2,1,586,104,DRAW,2023-08-21
444254,2,2,1,103,98,AWAY_TEAM,2023-08-21
444266,2,2,2,470,102,HOME_TEAM,2023-08-26
444271,2,2,2,5911,445,HOME_TEAM,2023-08-26
444267,2,2,2,450,100,HOME_TEAM,2023-08-26
444270,2,2,2,98,586,HOME_TEAM,2023-08-26
444265,2,2,2,99,5890,DRAW,2023-08-27
444268,2,2,2,109,103,DRAW,2023-08-27
444269,2,2,2,110,107,AWAY_TEAM,2023-08-27
444272,2,2,2,113,471,HOME_TEAM,2023-08-27
444273,2,2,2,455,115,DRAW,2023-08-28
444264,2,2,2,104,108,AWAY_TEAM,2023-08-28
444281,2,2,3,471,450,HOME_TEAM,2023-09-01
444280,2,2,3,100,98,AWAY_TEAM,2023-09-01
444275,2,2,3,103,104,HOME_TEAM,2023-09-02
444283,2,2,3,115,470,DRAW,2023-09-02
444274,2,2,3,102,5911,HOME_TEAM,2023-09-02
444279,2,2,3,113,110,AWAY_TEAM,2023-09-02
444277,2,2,3,108,99,HOME_TEAM,2023-09-03
444282,2,2,3,586,107,HOME_TEAM,2023-09-03
444276,2,2,3,445,109,AWAY_TEAM,2023-09-03
444278,2,2,3,5890,455,HOME_TEAM,2023-09-03
444290,2,2,4,109,110,HOME_TEAM,2023-09-16
444289,2,2,4,108,98,HOME_TEAM,2023-09-16
444287,2,2,4,107,113,DRAW,2023-09-16
444284,2,2,4,104,115,DRAW,2023-09-17
444286,2,2,4,470,471,HOME_TEAM,2023-09-17
444291,2,2,4,5911,5890,DRAW,2023-09-17
444285,2,2,4,99,102,HOME_TEAM,2023-09-17
444292,2,2,4,100,445,HOME_TEAM,2023-09-17
444293,2,2,4,455,586,AWAY_TEAM,2023-09-18
444288,2,2,4,450,103,DRAW,2023-09-18
444300,2,2,5,455,470,DRAW,2023-09-22
444298,2,2,5,5890,107,HOME_TEAM,2023-09-22
444299,2,2,5,98,450,HOME_TEAM,2023-09-23
444301,2,2,5,471,109,HOME_TEAM,2023-09-23
444297,2,2,5,110,5911,DRAW,2023-09-23
444296,2,2,5,445,108,AWAY_TEAM,2023-09-24
444294,2,2,5,102,104,HOME_TEAM,2023-09-24
444303,2,2,5,115,99,AWAY_TEAM,2023-09-24
444295,2,2,5,103,113,DRAW,2023-09-24
444302,2,2,5,586,100,DRAW,2023-09-24
444310,2,2,6,109,5890,HOME_TEAM,2023-09-26
444304,2,2,6,104,98,AWAY_TEAM,2023-09-27
444305,2,2,6,445,455,HOME_TEAM,2023-09-27
444308,2,2,6,450,102,AWAY_TEAM,2023-09-27
444309,2,2,6,108,471,AWAY_TEAM,2023-09-27
444311,2,2,6,110,586,HOME_TEAM,2023-09-27
444313,2,2,6,113,115,HOME_TEAM,2023-09-27
444306,2,2,6,470,99,DRAW,2023-09-28
444312,2,2,6,5911,103,DRAW,2023-09-28
444307,2,2,6,107,100,HOME_TEAM,2023-09-28
444317,2,2,7,5890,113,AWAY_TEAM,2023-09-30
444318,2,2,7,98,110,HOME_TEAM,2023-09-30
444320,2,2,7,455,108,AWAY_TEAM,2023-09-30
444315,2,2,7,103,445,HOME_TEAM,2023-10-01
444323,2,2,7,115,107,DRAW,2023-10-01
444314,2,2,7,102,109,DRAW,2023-10-01
444319,2,2,7,100,470,HOME_TEAM,2023-10-01
444321,2,2,7,471,5911,AWAY_TEAM,2023-10-02
444322,2,2,7,586,450,DRAW,2023-10-02
444316,2,2,7,99,104,HOME_TEAM,2023-10-02
444325,2,2,8,445,115,DRAW,2023-10-06
444331,2,2,8,5890,471,DRAW,2023-10-06
444328,2,2,8,108,103,DRAW,2023-10-07
444329,2,2,8,109,586,HOME_TEAM,2023-10-07
444327,2,2,8,107,98,AWAY_TEAM,2023-10-07
444332,2,2,8,5911,455,HOME_TEAM,2023-10-08
444326,2,2,8,470,450,HOME_TEAM,2023-10-08
444330,2,2,8,110,102,HOME_TEAM,2023-10-08
444324,2,2,8,104,100,AWAY_TEAM,2023-10-08
444333,2,2,8,113,99,AWAY_TEAM,2023-10-08
444337,2,2,9,450,113,AWAY_TEAM,2023-10-21
444342,2,2,9,586,108,AWAY_TEAM,2023-10-21
444341,2,2,9,471,110,AWAY_TEAM,2023-10-21
444339,2,2,9,100,5911,HOME_TEAM,2023-10-22
444335,2,2,9,103,470,HOME_TEAM,2023-10-22
444340,2,2,9,455,104,DRAW,2023-10-22
444334,2,2,9,102,107,HOME_TEAM,2023-10-22
444338,2,2,9,98,109,AWAY_TEAM,2023-10-22
444343,2,2,9,115,5890,DRAW,2023-10-23
444336,2,2,9,99,445,AWAY_TEAM,2023-10-23
444346,2,2,10,107,455,HOME_TEAM,2023-10-27
444353,2,2,10,471,103,DRAW,2023-10-28
444350,2,2,10,5890,586,AWAY_TEAM,2023-10-28
444348,2,2,10,109,450,HOME_TEAM,2023-10-28
444344,2,2,10,104,470,HOME_TEAM,2023-10-29
444351,2,2,10,5911,115,DRAW,2023-10-29
444347,2,2,10,108,100,HOME_TEAM,2023-10-29
444352,2,2,10,113,98,DRAW,2023-10-29
444345,2,2,10,445,102,AWAY_TEAM,2023-10-30
444349,2,2,10,110,99,HOME_TEAM,2023-10-30
444355,2,2,11,103,110,HOME_TEAM,2023-11-03
444362,2,2,11,455,113,AWAY_TEAM,2023-11-04
444354,2,2,11,102,108,AWAY_TEAM,2023-11-04
444360,2,2,11,98,115,AWAY_TEAM,2023-11-04
444359,2,2,11,450,5911,AWAY_TEAM,2023-11-05
444356,2,2,11,104,107,HOME_TEAM,2023-11-05
444361,2,2,11,100,5890,HOME_TEAM,2023-11-05
444357,2,2,11,99,109,AWAY_TEAM,2023-11-05
444358,2,2,11,470,445,HOME_TEAM,2023-11-06
444363,2,2,11,586,471,HOME_TEAM,2023-11-06
444372,2,2,12,471,455,DRAW,2023-11-10
444365,2,2,12,107,450,HOME_TEAM,2023-11-10
444369,2,2,12,5890,98,DRAW,2023-11-11
444367,2,2,12,109,104,HOME_TEAM,2023-11-11
444370,2,2,12,5911,586,DRAW,2023-11-11
444371,2,2,12,113,445,AWAY_TEAM,2023-11-12
444364,2,2,12,99,103,HOME_TEAM,2023-11-12
444373,2,2,12,115,102,DRAW,2023-11-12
444368,2,2,12,110,100,DRAW,2023-11-12
444366,2,2,12,108,470,HOME_TEAM,2023-11-12
444383,2,2,13,455,110,HOME_TEAM,2023-11-25
444374,2,2,13,102,113,AWAY_TEAM,2023-11-25
444381,2,2,13,98,99,HOME_TEAM,2023-11-25
444376,2,2,13,104,5911,DRAW,2023-11-26
444377,2,2,13,445,471,AWAY_TEAM,2023-11-26
444378,2,2,13,470,107,HOME_TEAM,2023-11-26
444382,2,2,13,100,115,HOME_TEAM,2023-11-26
444380,2,2,13,109,108,DRAW,2023-11-26
444379,2,2,13,450,5890,DRAW,2023-11-27
444375,2,2,13,103,586,HOME_TEAM,2023-11-27
444389,2,2,14,5911,109,AWAY_TEAM,2023-12-01
444385,2,2,14,107,445,DRAW,2023-12-02
444386,2,2,14,110,104,HOME_TEAM,2023-12-02
444388,2,2,14,98,470,HOME_TEAM,2023-12-02
444387,2,2,14,5890,103,DRAW,2023-12-03
444384,2,2,14,99,455,HOME_TEAM,2023-12-03
444393,2,2,14,115,450,DRAW,2023-12-03
444391,2,2,14,471,100,AWAY_TEAM,2023-12-03
444390,2,2,14,113,108,AWAY_TEAM,2023-12-03
444392,2,2,14,586,102,HOME_TEAM,2023-12-04
444400,2,2,15,109,113,HOME_TEAM,2023-12-08
444398,2,2,15,450,110,DRAW,2023-12-09
444394,2,2,15,102,98,HOME_TEAM,2023-12-09
444399,2,2,15,108,115,HOME_TEAM,2023-12-09
444397,2,2,15,470,586,DRAW,2023-12-10
444401,2,2,15,5911,107,HOME_TEAM,2023-12-10
444403,2,2,15,455,103,AWAY_TEAM,2023-12-10
444402,2,2,15,100,99,DRAW,2023-12-10
444396,2,2,15,445,5890,DRAW,2023-12-11
444395,2,2,15,104,471,HOME_TEAM,2023-12-11
444407,2,2,16,107,109,DRAW,2023-12-15
444409,2,2,16,5890,470,HOME_TEAM,2023-12-16
444411,2,2,16,113,104,HOME_TEAM,2023-12-16
444412,2,2,16,586,445,HOME_TEAM,2023-12-16
444410,2,2,16,98,5911,HOME_TEAM,2023-12-17
444406,2,2,16,99,450,HOME_TEAM,2023-12-17
444413,2,2,16,115,471,DRAW,2023-12-17
444405,2,2,16,103,100,HOME_TEAM,2023-12-17
444408,2,2,16,110,108,AWAY_TEAM,2023-12-17
444404,2,2,16,102,455,HOME_TEAM,2023-12-18
444422,2,2,17,471,107,AWAY_TEAM,2023-12-22
444415,2,2,17,445,110,AWAY_TEAM,2023-12-22
444419,2,2,17,5911,99,AWAY_TEAM,2023-12-22
444421,2,2,17,455,98,DRAW,2023-12-22
444416,2,2,17,470,109,AWAY_TEAM,2023-12-23
444423,2,2,17,586,115,DRAW,2023-12-23
444414,2,2,17,103,102,HOME_TEAM,2023-12-23
444417,2,2,17,450,104,HOME_TEAM,2023-12-23
444418,2,2,17,108,5890,HOME_TEAM,2023-12-23
444420,2,2,17,100,113,HOME_TEAM,2023-12-23
444426,2,2,18,99,586,HOME_TEAM,2023-12-29
444432,2,2,18,113,5911,DRAW,2023-12-29
444427,2,2,18,107,108,DRAW,2023-12-29
444430,2,2,18,110,470,HOME_TEAM,2023-12-29
444424,2,2,18,102,5890,HOME_TEAM,2023-12-30
444425,2,2,18,104,445,DRAW,2023-12-30
444433,2,2,18,115,103,HOME_TEAM,2023-12-30
444428,2,2,18,450,455,AWAY_TEAM,2023-12-30
444431,2,2,18,98,471,HOME_TEAM,2023-12-30
444429,2,2,18,109,100,HOME_TEAM,2023-12-30
444434,2,2,19,103,107,DRAW,2024-01-05
444437,2,2,19,108,450,HOME_TEAM,2024-01-06
444436,2,2,19,470,5911,AWAY_TEAM,2024-01-06
444438,2,2,19,5890,104,DRAW,2024-01-06
444441,2,2,19,471,99,HOME_TEAM,2024-01-06
444435,2,2,19,445,98,AWAY_TEAM,2024-01-07
444442,2,2,19,586,113,HOME_TEAM,2024-01-07
444443,2,2,19,115,110,AWAY_TEAM,2024-01-07
444440,2,2,19,455,109,AWAY_TEAM,2024-01-07
444439,2,2,19,100,102,DRAW,2024-01-07
444447,2,2,20,107,586,DRAW,2024-01-13
444453,2,2,20,113,455,HOME_TEAM,2024-01-13
444448,2,2,20,450,445,HOME_TEAM,2024-01-13
444452,2,2,20,5911,108,AWAY_TEAM,2024-01-13
444450,2,2,20,110,5890,HOME_TEAM,2024-01-14
444445,2,2,20,104,103,HOME_TEAM,2024-01-14
444446,2,2,20,99,115,DRAW,2024-01-14
444451,2,2,20,98,100,HOME_TEAM,2024-01-14
444444,2,2,20,102,470,HOME_TEAM,2024-01-15
444449,2,2,20,109,471,HOME_TEAM,2024-01-16
444459,2,2,21,100,450,HOME_TEAM,2024-01-20
444463,2,2,21,115,98,AWAY_TEAM,2024-01-20
444456,2,2,21,470,104,HOME_TEAM,2024-01-21
444455,2,2,21,445,5911,HOME_TEAM,2024-01-21
444460,2,2,21,455,107,AWAY_TEAM,2024-01-21
444458,2,2,21,5890,109,AWAY_TEAM,2024-01-21
444465,2,2,22,104,586,AWAY_TEAM,2024-01-26
444464,2,2,22,102,115,HOME_TEAM,2024-01-27
444469,2,2,22,109,445,DRAW,2024-01-27
444471,2,2,22,98,103,DRAW,2024-01-27
444467,2,2,22,107,5890,HOME_TEAM,2024-01-28
444468,2,2,22,450,470,DRAW,2024-01-28
444472,2,2,22,5911,471,HOME_TEAM,2024-01-28
444470,2,2,22,110,113,DRAW,2024-01-28
444466,2,2,22,99,108,AWAY_TEAM,2024-01-28
444473,2,2,22,455,100,AWAY_TEAM,2024-01-29
444479,2,2,23,5890,99,HOME_TEAM,2024-02-02
444476,2,2,23,445,107,DRAW,2024-02-03
444483,2,2,23,115,5911,DRAW,2024-02-03
444477,2,2,23,470,98,AWAY_TEAM,2024-02-03
444475,2,2,23,103,471,HOME_TEAM,2024-02-03
444482,2,2,23,586,455,DRAW,2024-02-04
444480,2,2,23,113,450,HOME_TEAM,2024-02-04
444474,2,2,23,102,110,HOME_TEAM,2024-02-04
444478,2,2,23,108,109,HOME_TEAM,2024-02-04
444481,2,2,23,100,104,HOME_TEAM,2024-02-05
444492,2,2,24,455,445,AWAY_TEAM,2024-02-09
444485,2,2,24,104,110,AWAY_TEAM,2024-02-10
444491,2,2,24,100,108,AWAY_TEAM,2024-02-10
444493,2,2,24,471,586,DRAW,2024-02-10
444486,2,2,24,99,470,HOME_TEAM,2024-02-11
444484,2,2,24,103,5890,HOME_TEAM,2024-02-11
444490,2,2,24,5911,450,DRAW,2024-02-11
444487,2,2,24,107,102,AWAY_TEAM,2024-02-11
444489,2,2,24,98,113,HOME_TEAM,2024-02-11
444488,2,2,24,109,115,AWAY_TEAM,2024-02-12
444454,2,2,21,103,99,HOME_TEAM,2024-02-14
444502,2,2,25,586,5890,HOME_TEAM,2024-02-16
444498,2,2,25,108,455,HOME_TEAM,2024-02-16
444501,2,2,25,113,107,DRAW,2024-02-17
444497,2,2,25,450,109,DRAW,2024-02-17
444494,2,2,25,102,471,HOME_TEAM,2024-02-17
444499,2,2,25,110,103,AWAY_TEAM,2024-02-18
444495,2,2,25,445,99,DRAW,2024-02-18
444503,2,2,25,115,104,DRAW,2024-02-18
444496,2,2,25,470,100,AWAY_TEAM,2024-02-18
444500,2,2,25,5911,98,HOME_TEAM,2024-02-18
444462,2,2,21,586,110,AWAY_TEAM,2024-02-22
444504,2,2,26,103,450,HOME_TEAM,2024-02-23
444513,2,2,26,471,445,AWAY_TEAM,2024-02-24
444512,2,2,26,455,5911,AWAY_TEAM,2024-02-24
444507,2,2,26,107,115,HOME_TEAM,2024-02-24
444508,2,2,26,109,470,HOME_TEAM,2024-02-25
444505,2,2,26,104,113,DRAW,2024-02-25
444509,2,2,26,5890,108,AWAY_TEAM,2024-02-25
444510,2,2,26,98,102,DRAW,2024-02-25
444511,2,2,26,100,586,HOME_TEAM,2024-02-26
444506,2,2,26,99,110,HOME_TEAM,2024-02-26
444461,2,2,21,471,113,AWAY_TEAM,2024-02-28
444457,2,2,21,108,102,HOME_TEAM,2024-02-28
444519,2,2,27,110,98,AWAY_TEAM,2024-03-01
444523,2,2,27,115,455,DRAW,2024-03-02
444520,2,2,27,5911,100,AWAY_TEAM,2024-03-02
444522,2,2,27,586,99,DRAW,2024-03-02
444517,2,2,27,450,471,HOME_TEAM,2024-03-03
444515,2,2,27,445,104,AWAY_TEAM,2024-03-03
444516,2,2,27,470,5890,DRAW,2024-03-03
444514,2,2,27,102,103,AWAY_TEAM,2024-03-03
444521,2,2,27,113,109,HOME_TEAM,2024-03-03
444518,2,2,27,108,107,HOME_TEAM,2024-03-04
444532,2,2,28,113,586,DRAW,2024-03-08
444525,2,2,28,104,455,HOME_TEAM,2024-03-09
444533,2,2,28,471,470,HOME_TEAM,2024-03-09
444524,2,2,28,103,108,AWAY_TEAM,2024-03-09
444527,2,2,28,107,5911,AWAY_TEAM,2024-03-09
444530,2,2,28,5890,450,AWAY_TEAM,2024-03-10
444531,2,2,28,98,445,HOME_TEAM,2024-03-10
444528,2,2,28,109,102,DRAW,2024-03-10
444526,2,2,28,99,100,DRAW,2024-03-10
444529,2,2,28,110,115,AWAY_TEAM,2024-03-11
444535,2,2,29,445,103,AWAY_TEAM,2024-03-15
444540,2,2,29,5911,104,HOME_TEAM,2024-03-16
444543,2,2,29,115,586,AWAY_TEAM,2024-03-16
444542,2,2,29,455,5890,AWAY_TEAM,2024-03-16
444536,2,2,29,470,110,AWAY_TEAM,2024-03-16
444539,2,2,29,109,107,DRAW,2024-03-17
444537,2,2,29,450,98,AWAY_TEAM,2024-03-17
444541,2,2,29,100,471,HOME_TEAM,2024-03-17
444538,2,2,29,108,113,DRAW,2024-03-17
444551,2,2,30,113,102,AWAY_TEAM,2024-03-30
444547,2,2,30,107,470,DRAW,2024-03-30
444553,2,2,30,586,5911,HOME_TEAM,2024-03-30
444549,2,2,30,110,109,HOME_TEAM,2024-03-30
444546,2,2,30,99,98,AWAY_TEAM,2024-03-30
444544,2,2,30,103,455,HOME_TEAM,2024-04-01
444545,2,2,30,104,450,DRAW,2024-04-01
444552,2,2,30,471,115,DRAW,2024-04-01
444550,2,2,30,5890,100,DRAW,2024-04-01
444548,2,2,30,108,445,HOME_TEAM,2024-04-01
444562,2,2,31,455,471,DRAW,2024-04-05
444559,2,2,31,98,5890,HOME_TEAM,2024-04-06
444561,2,2,31,100,110,HOME_TEAM,2024-04-06
444555,2,2,31,445,586,HOME_TEAM,2024-04-06
444556,2,2,31,470,103,DRAW,2024-04-07
444560,2,2,31,5911,113,AWAY_TEAM,2024-04-07
444554,2,2,31,104,102,HOME_TEAM,2024-04-07
444557,2,2,31,450,107,AWAY_TEAM,2024-04-07
444558,2,2,31,109,99,HOME_TEAM,2024-04-07
444563,2,2,31,115,108,AWAY_TEAM,2024-04-08
444568,2,2,32,110,455,HOME_TEAM,2024-04-12
444569,2,2,32,5890,445,HOME_TEAM,2024-04-13
444572,2,2,32,586,109,DRAW,2024-04-13
444565,2,2,32,103,5911,DRAW,2024-04-13
444570,2,2,32,113,470,DRAW,2024-04-14
444571,2,2,32,471,98,DRAW,2024-04-14
444567,2,2,32,108,104,DRAW,2024-04-14
444566,2,2,32,99,107,DRAW,2024-04-15
444564,2,2,32,102,450,DRAW,2024-04-15
444576,2,2,33,107,110,AWAY_TEAM,2024-04-19
444574,2,2,33,104,109,DRAW,2024-04-19
444575,2,2,33,445,113,HOME_TEAM,2024-04-20
444577,2,2,33,450,115,HOME_TEAM,2024-04-20
444582,2,2,33,471,5890,AWAY_TEAM,2024-04-21
444583,2,2,33,586,470,DRAW,2024-04-21
444581,2,2,33,455,99,AWAY_TEAM,2024-04-21
444579,2,2,33,5911,102,AWAY_TEAM,2024-04-21
444580,2,2,33,100,103,AWAY_TEAM,2024-04-22
444578,2,2,33,98,108,AWAY_TEAM,2024-04-22
444573,2,2,32,115,100,AWAY_TEAM,2024-04-25
444587,2,2,34,470,455,HOME_TEAM,2024-04-26
444592,2,2,34,5890,5911,DRAW,2024-04-27
444590,2,2,34,109,98,DRAW,2024-04-27
444591,2,2,34,110,450,HOME_TEAM,2024-04-27
444589,2,2,34,108,586,HOME_TEAM,2024-04-28
444585,2,2,34,103,115,DRAW,2024-04-28
444584,2,2,34,102,445,HOME_TEAM,2024-04-28
444593,2,2,34,113,100,DRAW,2024-04-28
444586,2,2,34,99,471,HOME_TEAM,2024-04-28
444588,2,2,34,107,104,HOME_TEAM,2024-04-29
444602,2,2,35,586,103,DRAW,2024-05-03
444598,2,2,35,5911,110,DRAW,2024-05-04
444601,2,2,35,471,108,HOME_TEAM,2024-05-04
444594,2,2,35,104,5890,DRAW,2024-05-05
444595,2,2,35,445,470,DRAW,2024-05-05
444596,2,2,35,450,99,HOME_TEAM,2024-05-05
444597,2,2,35,98,107,DRAW,2024-05-05
444599,2,2,35,100,109,DRAW,2024-05-05
444600,2,2,35,455,102,AWAY_TEAM,2024-05-06
444603,2,2,35,115,113,DRAW,2024-05-06
444606,2,2,36,470,108,AWAY_TEAM,2024-05-10
444613,2,2,36,113,103,AWAY_TEAM,2024-05-11
444612,2,2,36,98,104,HOME_TEAM,2024-05-11
444610,2,2,36,110,445,HOME_TEAM,2024-05-12
444607,2,2,36,107,471,HOME_TEAM,2024-05-12
444608,2,2,36,450,586,AWAY_TEAM,2024-05-12
444609,2,2,36,109,455,DRAW,2024-05-12
444604,2,2,36,102,100,HOME_TEAM,2024-05-12
444611,2,2,36,5890,115,AWAY_TEAM,2024-05-13
444605,2,2,36,99,5911,HOME_TEAM,2024-05-13
444615,2,2,37,99,113,DRAW,2024-05-17
444617,2,2,37,5890,102,AWAY_TEAM,2024-05-18
444622,2,2,37,586,98,HOME_TEAM,2024-05-18
444621,2,2,37,471,104,AWAY_TEAM,2024-05-19
444618,2,2,37,5911,470,AWAY_TEAM,2024-05-19
444623,2,2,37,115,445,DRAW,2024-05-19
444616,2,2,37,108,110,DRAW,2024-05-19
444619,2,2,37,100,107,HOME_TEAM,2024-05-19
444620,2,2,37,455,450,AWAY_TEAM,2024-05-20
444614,2,2,37,103,109,DRAW,2024-05-20
444625,2,2,38,104,99,AWAY_TEAM,2024-05-23
444628,2,2,38,107,103,HOME_TEAM,2024-05-24
444630,2,2,38,109,5911,HOME_TEAM,2024-05-25
444632,2,2,38,98,455,DRAW,2024-05-25
444624,2,2,38,102,586,HOME_TEAM,2024-05-26
444633,2,2,38,113,5890,DRAW,2024-05-26
444626,2,2,38,445,100,HOME_TEAM,2024-05-26
444627,2,2,38,470,115,AWAY_TEAM,2024-05-26
444629,2,2,38,450,108,DRAW,2024-05-26
444631,2,2,38,110,471,DRAW,2024-05-26
444534,2,2,29,102,99,AWAY_TEAM,2024-06-02
438482,3,3,1,267,87,AWAY_TEAM,2023-08-11
438479,3,3,1,559,95,AWAY_TEAM,2023-08-11
438481,3,3,1,92,298,DRAW,2023-08-12
438483,3,3,1,275,89,DRAW,2023-08-12
438474,3,3,1,77,86,AWAY_TEAM,2023-08-12
438476,3,3,1,558,79,AWAY_TEAM,2023-08-13
438480,3,3,1,94,90,AWAY_TEAM,2023-08-13
438478,3,3,1,82,81,DRAW,2023-08-13
438477,3,3,1,264,263,HOME_TEAM,2023-08-14
438475,3,3,1,78,83,HOME_TEAM,2023-08-14
438491,3,3,2,89,94,AWAY_TEAM,2023-08-18
438490,3,3,2,95,275,HOME_TEAM,2023-08-18
438492,3,3,2,92,558,DRAW,2023-08-19
438493,3,3,2,267,86,AWAY_TEAM,2023-08-19
438485,3,3,2,79,77,AWAY_TEAM,2023-08-19
438488,3,3,2,298,82,HOME_TEAM,2023-08-20
438487,3,3,2,81,264,HOME_TEAM,2023-08-20
438484,3,3,2,90,78,DRAW,2023-08-20
438486,3,3,2,263,559,HOME_TEAM,2023-08-21
438489,3,3,2,83,87,AWAY_TEAM,2023-08-21
438503,3,3,3,275,92,DRAW,2023-08-25
438495,3,3,3,558,86,AWAY_TEAM,2023-08-25
438496,3,3,3,264,267,DRAW,2023-08-26
438498,3,3,3,83,89,HOME_TEAM,2023-08-26
438499,3,3,3,559,298,AWAY_TEAM,2023-08-26
438501,3,3,3,94,81,AWAY_TEAM,2023-08-27
438500,3,3,3,95,79,AWAY_TEAM,2023-08-27
438494,3,3,3,77,90,HOME_TEAM,2023-08-27
438497,3,3,3,82,263,HOME_TEAM,2023-08-28
438502,3,3,3,87,78,AWAY_TEAM,2023-08-28
438508,3,3,4,264,94,HOME_TEAM,2023-09-01
438513,3,3,4,267,558,AWAY_TEAM,2023-09-01
438512,3,3,4,92,83,HOME_TEAM,2023-09-02
438511,3,3,4,86,82,HOME_TEAM,2023-09-02
438507,3,3,4,263,95,HOME_TEAM,2023-09-02
438505,3,3,4,90,87,HOME_TEAM,2023-09-02
438509,3,3,4,298,275,HOME_TEAM,2023-09-03
438510,3,3,4,89,77,DRAW,2023-09-03
438506,3,3,4,79,81,AWAY_TEAM,2023-09-03
438522,3,3,5,87,263,HOME_TEAM,2023-09-15
438514,3,3,5,77,264,HOME_TEAM,2023-09-16
438520,3,3,5,95,78,HOME_TEAM,2023-09-16
438515,3,3,5,558,89,AWAY_TEAM,2023-09-16
438516,3,3,5,81,90,HOME_TEAM,2023-09-16
438517,3,3,5,82,79,HOME_TEAM,2023-09-17
438521,3,3,5,94,267,HOME_TEAM,2023-09-17
438519,3,3,5,559,275,HOME_TEAM,2023-09-17
438523,3,3,5,86,92,HOME_TEAM,2023-09-17
438518,3,3,5,83,298,AWAY_TEAM,2023-09-18
438527,3,3,6,263,77,AWAY_TEAM,2023-09-22
438529,3,3,6,298,89,HOME_TEAM,2023-09-23
438526,3,3,6,79,559,DRAW,2023-09-23
438528,3,3,6,81,558,HOME_TEAM,2023-09-23
438532,3,3,6,267,95,DRAW,2023-09-23
438531,3,3,6,92,82,HOME_TEAM,2023-09-24
438530,3,3,6,87,94,DRAW,2023-09-24
438533,3,3,6,275,83,HOME_TEAM,2023-09-24
438525,3,3,6,90,264,DRAW,2023-09-24
438524,3,3,6,78,86,HOME_TEAM,2023-09-24
438539,3,3,7,559,267,HOME_TEAM,2023-09-26
438542,3,3,7,89,81,DRAW,2023-09-26
438534,3,3,7,77,82,DRAW,2023-09-27
438541,3,3,7,94,298,AWAY_TEAM,2023-09-27
438543,3,3,7,86,275,HOME_TEAM,2023-09-27
438537,3,3,7,264,87,DRAW,2023-09-27
438540,3,3,7,95,92,AWAY_TEAM,2023-09-27
438536,3,3,7,558,263,DRAW,2023-09-28
438538,3,3,7,83,90,DRAW,2023-09-28
438535,3,3,7,79,78,AWAY_TEAM,2023-09-28
438547,3,3,8,81,559,HOME_TEAM,2023-09-29
438548,3,3,8,82,94,DRAW,2023-09-30
438550,3,3,8,87,89,DRAW,2023-09-30
438549,3,3,8,298,86,AWAY_TEAM,2023-09-30
438551,3,3,8,92,77,HOME_TEAM,2023-09-30
438552,3,3,8,267,83,DRAW,2023-10-01
438546,3,3,8,263,79,AWAY_TEAM,2023-10-01
438544,3,3,8,78,264,HOME_TEAM,2023-10-01
438545,3,3,8,90,95,HOME_TEAM,2023-10-01
438553,3,3,8,275,558,HOME_TEAM,2023-10-02
438554,3,3,9,77,267,HOME_TEAM,2023-10-06
438558,3,3,9,264,298,AWAY_TEAM,2023-10-07
438563,3,3,9,86,79,HOME_TEAM,2023-10-07
438562,3,3,9,89,95,DRAW,2023-10-07
438560,3,3,9,559,87,DRAW,2023-10-07
438561,3,3,9,94,275,AWAY_TEAM,2023-10-08
438555,3,3,9,78,92,HOME_TEAM,2023-10-08
438556,3,3,9,558,82,DRAW,2023-10-08
438557,3,3,9,263,90,DRAW,2023-10-08
438559,3,3,9,83,81,DRAW,2023-10-08
438564,3,3,10,79,83,HOME_TEAM,2023-10-20
438572,3,3,10,92,89,HOME_TEAM,2023-10-21
438567,3,3,10,82,90,DRAW,2023-10-21
438569,3,3,10,559,86,DRAW,2023-10-21
438565,3,3,10,558,78,AWAY_TEAM,2023-10-21
438573,3,3,10,275,87,AWAY_TEAM,2023-10-22
438568,3,3,10,298,267,HOME_TEAM,2023-10-22
438571,3,3,10,94,263,DRAW,2023-10-22
438566,3,3,10,81,77,HOME_TEAM,2023-10-22
438570,3,3,10,95,264,HOME_TEAM,2023-10-23
438579,3,3,11,298,558,HOME_TEAM,2023-10-27
438583,3,3,11,267,275,AWAY_TEAM,2023-10-28
438577,3,3,11,81,86,AWAY_TEAM,2023-10-28
438582,3,3,11,89,82,DRAW,2023-10-28
438578,3,3,11,264,559,DRAW,2023-10-28
438576,3,3,11,90,79,HOME_TEAM,2023-10-29
438581,3,3,11,87,92,DRAW,2023-10-29
438574,3,3,11,77,95,DRAW,2023-10-29
438575,3,3,11,78,263,HOME_TEAM,2023-10-29
438580,3,3,11,83,94,AWAY_TEAM,2023-10-30
438593,3,3,12,275,78,HOME_TEAM,2023-11-03
438585,3,3,12,79,298,AWAY_TEAM,2023-11-04
438584,3,3,12,90,89,HOME_TEAM,2023-11-04
438586,3,3,12,558,559,DRAW,2023-11-04
438592,3,3,12,92,81,AWAY_TEAM,2023-11-04
438587,3,3,12,263,267,HOME_TEAM,2023-11-05
438589,3,3,12,95,83,HOME_TEAM,2023-11-05
438590,3,3,12,94,77,AWAY_TEAM,2023-11-05
438591,3,3,12,86,87,DRAW,2023-11-05
438588,3,3,12,82,264,HOME_TEAM,2023-11-06
438594,3,3,13,77,558,HOME_TEAM,2023-11-10
438600,3,3,13,87,298,AWAY_TEAM,2023-11-11
438603,3,3,13,267,92,AWAY_TEAM,2023-11-11
438596,3,3,13,79,275,DRAW,2023-11-11
438598,3,3,13,83,82,DRAW,2023-11-11
438602,3,3,13,86,95,HOME_TEAM,2023-11-11
438597,3,3,13,81,263,HOME_TEAM,2023-11-12
438599,3,3,13,559,90,DRAW,2023-11-12
438595,3,3,13,78,94,HOME_TEAM,2023-11-12
438606,3,3,14,263,83,HOME_TEAM,2023-11-24
438612,3,3,14,87,81,DRAW,2023-11-25
438610,3,3,14,95,558,DRAW,2023-11-25
438608,3,3,14,82,267,HOME_TEAM,2023-11-25
438604,3,3,14,78,89,HOME_TEAM,2023-11-25
438611,3,3,14,94,79,HOME_TEAM,2023-11-26
438613,3,3,14,92,559,HOME_TEAM,2023-11-26
438607,3,3,14,264,86,AWAY_TEAM,2023-11-26
438605,3,3,14,90,275,HOME_TEAM,2023-11-26
438609,3,3,14,298,77,DRAW,2023-11-27
438601,3,3,13,89,264,DRAW,2023-11-29
438623,3,3,15,275,82,HOME_TEAM,2023-12-01
438618,3,3,15,298,95,HOME_TEAM,2023-12-02
438614,3,3,15,77,87,HOME_TEAM,2023-12-02
438621,3,3,15,86,83,HOME_TEAM,2023-12-02
438615,3,3,15,79,92,DRAW,2023-12-02
438620,3,3,15,89,263,DRAW,2023-12-03
438622,3,3,15,267,90,DRAW,2023-12-03
438619,3,3,15,559,94,DRAW,2023-12-03
438617,3,3,15,81,78,HOME_TEAM,2023-12-03
438616,3,3,15,558,264,DRAW,2023-12-04
438629,3,3,16,82,95,HOME_TEAM,2023-12-08
438626,3,3,16,263,275,AWAY_TEAM,2023-12-09
438625,3,3,16,90,86,DRAW,2023-12-09
438631,3,3,16,94,92,AWAY_TEAM,2023-12-09
438633,3,3,16,89,559,HOME_TEAM,2023-12-09
438624,3,3,16,78,267,HOME_TEAM,2023-12-10
438628,3,3,16,264,79,DRAW,2023-12-10
438627,3,3,16,81,298,AWAY_TEAM,2023-12-10
438630,3,3,16,83,77,DRAW,2023-12-11
438632,3,3,16,87,558,DRAW,2023-12-11
438635,3,3,17,79,87,HOME_TEAM,2023-12-15
438636,3,3,17,558,83,HOME_TEAM,2023-12-16
438634,3,3,17,77,78,HOME_TEAM,2023-12-16
438638,3,3,17,559,82,AWAY_TEAM,2023-12-16
438639,3,3,17,95,81,DRAW,2023-12-16
438642,3,3,17,267,89,DRAW,2023-12-17
438641,3,3,17,92,90,DRAW,2023-12-17
438643,3,3,17,275,264,DRAW,2023-12-17
438640,3,3,17,86,94,HOME_TEAM,2023-12-17
438637,3,3,17,298,263,HOME_TEAM,2023-12-18
438652,3,3,18,87,95,AWAY_TEAM,2023-12-19
438645,3,3,18,78,82,DRAW,2023-12-19
438650,3,3,18,83,559,AWAY_TEAM,2023-12-19
438648,3,3,18,81,267,HOME_TEAM,2023-12-20
438644,3,3,18,77,275,HOME_TEAM,2023-12-20
438651,3,3,18,94,558,HOME_TEAM,2023-12-20
438646,3,3,18,90,298,DRAW,2023-12-21
438649,3,3,18,264,92,DRAW,2023-12-21
438647,3,3,18,263,86,AWAY_TEAM,2023-12-21
438653,3,3,18,89,79,HOME_TEAM,2023-12-21
438504,3,3,4,78,559,HOME_TEAM,2023-12-23
438656,3,3,19,82,87,AWAY_TEAM,2024-01-02
438662,3,3,19,92,263,DRAW,2024-01-02
438660,3,3,19,95,94,HOME_TEAM,2024-01-02
438658,3,3,19,83,264,HOME_TEAM,2024-01-03
438655,3,3,19,558,90,HOME_TEAM,2024-01-03
438661,3,3,19,86,89,HOME_TEAM,2024-01-03
438657,3,3,19,298,78,HOME_TEAM,2024-01-03
438654,3,3,19,79,267,HOME_TEAM,2024-01-04
438659,3,3,19,559,77,AWAY_TEAM,2024-01-04
438663,3,3,19,275,81,AWAY_TEAM,2024-01-04
438670,3,3,20,559,263,AWAY_TEAM,2024-01-12
438673,3,3,20,275,94,HOME_TEAM,2024-01-13
438671,3,3,20,89,558,DRAW,2024-01-13
438664,3,3,20,77,92,HOME_TEAM,2024-01-13
438666,3,3,20,90,83,HOME_TEAM,2024-01-13
438672,3,3,20,267,298,DRAW,2024-01-14
438668,3,3,20,264,95,AWAY_TEAM,2024-01-14
438677,3,3,21,263,264,HOME_TEAM,2024-01-19
438682,3,3,21,87,275,AWAY_TEAM,2024-01-20
438681,3,3,21,94,89,DRAW,2024-01-20
438680,3,3,21,95,77,HOME_TEAM,2024-01-20
438676,3,3,21,558,92,AWAY_TEAM,2024-01-20
438675,3,3,21,79,82,HOME_TEAM,2024-01-21
438683,3,3,21,86,267,HOME_TEAM,2024-01-21
438674,3,3,21,90,81,AWAY_TEAM,2024-01-21
438678,3,3,21,298,559,HOME_TEAM,2024-01-21
438679,3,3,21,83,78,AWAY_TEAM,2024-01-22
438692,3,3,22,267,263,AWAY_TEAM,2024-01-26
438691,3,3,22,92,87,DRAW,2024-01-27
438693,3,3,22,275,86,AWAY_TEAM,2024-01-27
438686,3,3,22,81,94,AWAY_TEAM,2024-01-27
438690,3,3,22,89,90,AWAY_TEAM,2024-01-27
438685,3,3,22,558,298,AWAY_TEAM,2024-01-28
438687,3,3,22,264,77,DRAW,2024-01-28
438689,3,3,22,559,79,DRAW,2024-01-28
438684,3,3,22,78,95,HOME_TEAM,2024-01-28
438688,3,3,22,82,83,HOME_TEAM,2024-01-29
438667,3,3,20,81,79,HOME_TEAM,2024-01-31
438665,3,3,20,78,87,HOME_TEAM,2024-01-31
438669,3,3,20,82,86,AWAY_TEAM,2024-02-01
438694,3,3,23,77,89,HOME_TEAM,2024-02-02
438700,3,3,23,95,267,HOME_TEAM,2024-02-03
438699,3,3,23,83,275,DRAW,2024-02-03
438697,3,3,23,263,81,AWAY_TEAM,2024-02-03
438698,3,3,23,298,92,DRAW,2024-02-03
438701,3,3,23,94,264,DRAW,2024-02-04
438696,3,3,23,79,558,AWAY_TEAM,2024-02-04
438695,3,3,23,90,82,DRAW,2024-02-04
438703,3,3,23,86,78,DRAW,2024-02-04
438702,3,3,23,87,559,AWAY_TEAM,2024-02-05
438706,3,3,24,264,90,AWAY_TEAM,2024-02-09
438704,3,3,24,263,94,DRAW,2024-02-10
438711,3,3,24,92,79,AWAY_TEAM,2024-02-10
438710,3,3,24,86,298,HOME_TEAM,2024-02-10
438713,3,3,24,275,95,HOME_TEAM,2024-02-10
438707,3,3,24,82,558,HOME_TEAM,2024-02-11
438709,3,3,24,89,87,HOME_TEAM,2024-02-11
438708,3,3,24,559,78,HOME_TEAM,2024-02-11
438705,3,3,24,81,83,DRAW,2024-02-11
438712,3,3,24,267,77,DRAW,2024-02-12
438721,3,3,25,94,82,DRAW,2024-02-16
438715,3,3,25,78,275,HOME_TEAM,2024-02-17
438717,3,3,25,79,264,HOME_TEAM,2024-02-17
438718,3,3,25,558,81,AWAY_TEAM,2024-02-17
438720,3,3,25,95,559,DRAW,2024-02-17
438722,3,3,25,87,86,DRAW,2024-02-18
438719,3,3,25,83,267,DRAW,2024-02-18
438723,3,3,25,89,92,AWAY_TEAM,2024-02-18
438716,3,3,25,90,263,DRAW,2024-02-18
438714,3,3,25,77,298,HOME_TEAM,2024-02-19
438731,3,3,26,92,94,AWAY_TEAM,2024-02-23
438726,3,3,26,81,82,HOME_TEAM,2024-02-24
438725,3,3,26,263,89,DRAW,2024-02-24
438732,3,3,26,267,78,DRAW,2024-02-24
438727,3,3,26,264,558,DRAW,2024-02-25
438724,3,3,26,90,77,HOME_TEAM,2024-02-25
438733,3,3,26,275,79,DRAW,2024-02-25
438730,3,3,26,86,559,HOME_TEAM,2024-02-25
438728,3,3,26,298,87,HOME_TEAM,2024-02-26
438737,3,3,27,558,267,HOME_TEAM,2024-03-01
438739,3,3,27,559,92,HOME_TEAM,2024-03-02
438742,3,3,27,87,264,DRAW,2024-03-02
438738,3,3,27,82,275,DRAW,2024-03-02
438740,3,3,27,95,86,DRAW,2024-03-02
438741,3,3,27,94,83,HOME_TEAM,2024-03-03
438735,3,3,27,78,90,HOME_TEAM,2024-03-03
438743,3,3,27,89,298,HOME_TEAM,2024-03-03
438734,3,3,27,77,81,DRAW,2024-03-03
438736,3,3,27,79,263,HOME_TEAM,2024-03-04
438746,3,3,28,81,89,HOME_TEAM,2024-03-08
438750,3,3,28,95,82,HOME_TEAM,2024-03-09
438747,3,3,28,264,78,HOME_TEAM,2024-03-09
438749,3,3,28,83,92,AWAY_TEAM,2024-03-09
438748,3,3,28,298,79,HOME_TEAM,2024-03-09
438745,3,3,28,263,87,HOME_TEAM,2024-03-10
438753,3,3,28,275,77,AWAY_TEAM,2024-03-10
438751,3,3,28,86,558,HOME_TEAM,2024-03-10
438744,3,3,28,90,94,AWAY_TEAM,2024-03-10
438752,3,3,28,267,559,DRAW,2024-03-11
438762,3,3,29,92,264,HOME_TEAM,2024-03-15
438761,3,3,29,89,83,HOME_TEAM,2024-03-16
438756,3,3,29,79,86,AWAY_TEAM,2024-03-16
438757,3,3,29,82,298,HOME_TEAM,2024-03-16
438754,3,3,29,77,263,HOME_TEAM,2024-03-16
438758,3,3,29,559,558,AWAY_TEAM,2024-03-17
438759,3,3,29,94,95,HOME_TEAM,2024-03-17
438763,3,3,29,275,267,AWAY_TEAM,2024-03-17
438760,3,3,29,87,90,HOME_TEAM,2024-03-17
438755,3,3,29,78,81,AWAY_TEAM,2024-03-17
438767,3,3,30,264,83,HOME_TEAM,2024-03-29
438768,3,3,30,82,559,AWAY_TEAM,2024-03-30
438773,3,3,30,267,79,AWAY_TEAM,2024-03-30
438770,3,3,30,95,89,DRAW,2024-03-30
438766,3,3,30,81,275,HOME_TEAM,2024-03-30
438764,3,3,30,558,87,DRAW,2024-03-31
438769,3,3,30,298,90,HOME_TEAM,2024-03-31
438765,3,3,30,263,92,AWAY_TEAM,2024-03-31
438772,3,3,30,86,77,HOME_TEAM,2024-03-31
438771,3,3,30,94,78,AWAY_TEAM,2024-04-01
438729,3,3,26,83,95,AWAY_TEAM,2024-04-04
438776,3,3,31,90,558,HOME_TEAM,2024-04-12
438775,3,3,31,78,298,HOME_TEAM,2024-04-13
438780,3,3,31,87,82,DRAW,2024-04-13
438781,3,3,31,89,86,AWAY_TEAM,2024-04-13
438778,3,3,31,264,81,AWAY_TEAM,2024-04-13
438783,3,3,31,275,559,AWAY_TEAM,2024-04-14
438779,3,3,31,83,263,HOME_TEAM,2024-04-14
438774,3,3,31,77,94,DRAW,2024-04-14
438782,3,3,31,92,267,DRAW,2024-04-14
438777,3,3,31,79,95,AWAY_TEAM,2024-04-15
438784,3,3,32,77,83,DRAW,2024-04-19
438785,3,3,32,558,275,HOME_TEAM,2024-04-20
438791,3,3,32,87,79,HOME_TEAM,2024-04-20
438790,3,3,32,95,90,AWAY_TEAM,2024-04-20
438788,3,3,32,298,264,HOME_TEAM,2024-04-20
438787,3,3,32,82,92,DRAW,2024-04-21
438793,3,3,32,267,94,AWAY_TEAM,2024-04-21
438786,3,3,32,263,78,HOME_TEAM,2024-04-21
438792,3,3,32,86,81,HOME_TEAM,2024-04-21
438789,3,3,32,559,89,HOME_TEAM,2024-04-22
438801,3,3,33,92,86,AWAY_TEAM,2024-04-26
438803,3,3,33,275,298,AWAY_TEAM,2024-04-27
438802,3,3,33,267,82,AWAY_TEAM,2024-04-27
438796,3,3,33,263,558,HOME_TEAM,2024-04-27
438794,3,3,33,78,77,HOME_TEAM,2024-04-27
438798,3,3,33,264,89,DRAW,2024-04-28
438799,3,3,33,83,79,HOME_TEAM,2024-04-28
438800,3,3,33,94,87,HOME_TEAM,2024-04-28
438795,3,3,33,90,559,DRAW,2024-04-28
438797,3,3,33,81,95,HOME_TEAM,2024-04-29
438806,3,3,34,82,77,AWAY_TEAM,2024-05-03
438813,3,3,34,92,275,HOME_TEAM,2024-05-04
438812,3,3,34,86,264,HOME_TEAM,2024-05-04
438807,3,3,34,298,81,HOME_TEAM,2024-05-04
438811,3,3,34,89,78,AWAY_TEAM,2024-05-04
438804,3,3,34,79,90,AWAY_TEAM,2024-05-05
438805,3,3,34,558,94,HOME_TEAM,2024-05-05
438809,3,3,34,95,263,AWAY_TEAM,2024-05-05
438808,3,3,34,559,83,HOME_TEAM,2024-05-05
438810,3,3,34,87,267,AWAY_TEAM,2024-05-05
438817,3,3,35,263,298,DRAW,2024-05-10
438823,3,3,35,89,275,HOME_TEAM,2024-05-11
438822,3,3,35,94,559,HOME_TEAM,2024-05-11
438820,3,3,35,83,86,AWAY_TEAM,2024-05-11
438814,3,3,35,77,79,DRAW,2024-05-11
438819,3,3,35,264,82,HOME_TEAM,2024-05-12
438815,3,3,35,78,558,HOME_TEAM,2024-05-12
438821,3,3,35,95,87,DRAW,2024-05-12
438816,3,3,35,90,267,HOME_TEAM,2024-05-12
438818,3,3,35,81,92,HOME_TEAM,2024-05-13
438824,3,3,36,79,89,DRAW,2024-05-14
438830,3,3,36,86,263,HOME_TEAM,2024-05-14
438827,3,3,36,298,94,AWAY_TEAM,2024-05-14
438828,3,3,36,559,264,AWAY_TEAM,2024-05-15
438829,3,3,36,87,83,HOME_TEAM,2024-05-15
438825,3,3,36,558,77,HOME_TEAM,2024-05-15
438826,3,3,36,82,78,AWAY_TEAM,2024-05-15
438833,3,3,36,275,90,DRAW,2024-05-16
438832,3,3,36,267,81,AWAY_TEAM,2024-05-16
438831,3,3,36,92,95,HOME_TEAM,2024-05-16
438837,3,3,37,263,82,HOME_TEAM,2024-05-18
438834,3,3,37,77,559,HOME_TEAM,2024-05-19
438835,3,3,37,78,79,AWAY_TEAM,2024-05-19
438836,3,3,37,90,92,AWAY_TEAM,2024-05-19
438838,3,3,37,81,87,HOME_TEAM,2024-05-19
438839,3,3,37,264,275,DRAW,2024-05-19
438840,3,3,37,83,558,AWAY_TEAM,2024-05-19
438841,3,3,37,95,298,AWAY_TEAM,2024-05-19
438842,3,3,37,94,86,DRAW,2024-05-19
438843,3,3,37,89,267,DRAW,2024-05-19
438847,3,3,38,298,83,HOME_TEAM,2024-05-24
438844,3,3,38,79,94,DRAW,2024-05-25
438851,3,3,38,92,78,AWAY_TEAM,2024-05-25
438849,3,3,38,87,77,AWAY_TEAM,2024-05-25
438852,3,3,38,267,264,HOME_TEAM,2024-05-25
438850,3,3,38,86,90,DRAW,2024-05-25
438846,3,3,38,82,89,AWAY_TEAM,2024-05-26
438845,3,3,38,558,95,DRAW,2024-05-26
438853,3,3,38,275,263,DRAW,2024-05-26
438848,3,3,38,559,81,AWAY_TEAM,2024-05-26
441789,4,4,1,12,5,AWAY_TEAM,2023-08-18
441792,4,4,1,3,721,HOME_TEAM,2023-08-19
441794,4,4,1,11,44,HOME_TEAM,2023-08-19
441795,4,4,1,2,17,AWAY_TEAM,2023-08-19
441796,4,4,1,16,18,DRAW,2023-08-19
441797,4,4,1,10,36,HOME_TEAM,2023-08-19
441790,4,4,1,4,1,HOME_TEAM,2023-08-19
441791,4,4,1,28,15,HOME_TEAM,2023-08-20
441793,4,4,1,19,55,HOME_TEAM,2023-08-20
441799,4,4,2,721,10,HOME_TEAM,2023-08-25
441800,4,4,2,17,12,HOME_TEAM,2023-08-26
441803,4,4,2,1,11,AWAY_TEAM,2023-08-26
441804,4,4,2,36,4,DRAW,2023-08-26
441805,4,4,2,44,2,AWAY_TEAM,2023-08-26
441806,4,4,2,55,28,AWAY_TEAM,2023-08-26
441802,4,4,2,18,3,AWAY_TEAM,2023-08-26
441801,4,4,2,15,19,DRAW,2023-08-27
441798,4,4,2,5,16,HOME_TEAM,2023-08-27
441807,4,4,3,4,44,DRAW,2023-09-01
441809,4,4,3,3,55,HOME_TEAM,2023-09-02
441812,4,4,3,2,11,HOME_TEAM,2023-09-02
441813,4,4,3,12,15,HOME_TEAM,2023-09-02
441814,4,4,3,16,36,DRAW,2023-09-02
441815,4,4,3,10,17,HOME_TEAM,2023-09-02
441811,4,4,3,18,5,AWAY_TEAM,2023-09-02
441810,4,4,3,19,1,DRAW,2023-09-03
441808,4,4,3,28,721,AWAY_TEAM,2023-09-03
441816,4,4,4,5,3,DRAW,2023-09-15
441817,4,4,4,721,16,HOME_TEAM,2023-09-16
441818,4,4,4,17,4,AWAY_TEAM,2023-09-16
441819,4,4,4,11,28,HOME_TEAM,2023-09-16
441820,4,4,4,15,10,AWAY_TEAM,2023-09-16
441821,4,4,4,1,2,AWAY_TEAM,2023-09-16
441822,4,4,4,36,19,DRAW,2023-09-16
441823,4,4,4,44,12,HOME_TEAM,2023-09-17
441824,4,4,4,55,18,DRAW,2023-09-17
441833,4,4,5,10,55,HOME_TEAM,2023-09-22
441825,4,4,5,5,36,HOME_TEAM,2023-09-23
441826,4,4,5,4,11,HOME_TEAM,2023-09-23
441827,4,4,5,28,2,AWAY_TEAM,2023-09-23
441830,4,4,5,18,721,AWAY_TEAM,2023-09-23
441832,4,4,5,16,15,HOME_TEAM,2023-09-23
441831,4,4,5,12,1,HOME_TEAM,2023-09-23
441828,4,4,5,3,44,HOME_TEAM,2023-09-24
441829,4,4,5,19,17,DRAW,2023-09-24
441839,4,4,6,2,4,AWAY_TEAM,2023-09-29
441836,4,4,6,11,19,HOME_TEAM,2023-09-30
441837,4,4,6,15,3,AWAY_TEAM,2023-09-30
441838,4,4,6,1,10,AWAY_TEAM,2023-09-30
441840,4,4,6,36,18,AWAY_TEAM,2023-09-30
441841,4,4,6,44,28,HOME_TEAM,2023-09-30
441834,4,4,6,721,5,DRAW,2023-09-30
441842,4,4,6,55,12,HOME_TEAM,2023-10-01
441835,4,4,6,17,16,HOME_TEAM,2023-10-01
441848,4,4,7,18,15,DRAW,2023-10-06
441844,4,4,7,4,28,HOME_TEAM,2023-10-07
441845,4,4,7,721,36,DRAW,2023-10-07
441850,4,4,7,16,55,AWAY_TEAM,2023-10-07
441851,4,4,7,10,11,HOME_TEAM,2023-10-07
441849,4,4,7,12,2,AWAY_TEAM,2023-10-07
441846,4,4,7,3,1,HOME_TEAM,2023-10-08
441843,4,4,7,5,17,HOME_TEAM,2023-10-08
441847,4,4,7,19,44,HOME_TEAM,2023-10-08
441852,4,4,8,4,12,HOME_TEAM,2023-10-20
441858,4,4,8,2,19,AWAY_TEAM,2023-10-21
441860,4,4,8,55,721,AWAY_TEAM,2023-10-21
441853,4,4,8,28,10,AWAY_TEAM,2023-10-21
441854,4,4,8,17,36,HOME_TEAM,2023-10-21
441855,4,4,8,11,3,AWAY_TEAM,2023-10-21
441856,4,4,8,15,5,AWAY_TEAM,2023-10-21
441857,4,4,8,1,18,HOME_TEAM,2023-10-22
441859,4,4,8,44,16,AWAY_TEAM,2023-10-22
441867,4,4,9,36,15,DRAW,2023-10-27
441861,4,4,9,5,55,HOME_TEAM,2023-10-28
441865,4,4,9,18,44,HOME_TEAM,2023-10-28
441866,4,4,9,12,28,HOME_TEAM,2023-10-28
441868,4,4,9,16,11,HOME_TEAM,2023-10-28
441869,4,4,9,10,2,AWAY_TEAM,2023-10-28
441862,4,4,9,721,1,HOME_TEAM,2023-10-28
441864,4,4,9,19,4,DRAW,2023-10-29
441863,4,4,9,3,17,HOME_TEAM,2023-10-29
441878,4,4,10,55,36,AWAY_TEAM,2023-11-03
441871,4,4,10,28,19,AWAY_TEAM,2023-11-04
441872,4,4,10,17,18,DRAW,2023-11-04
441874,4,4,10,15,721,HOME_TEAM,2023-11-04
441875,4,4,10,1,16,DRAW,2023-11-04
441876,4,4,10,2,3,AWAY_TEAM,2023-11-04
441870,4,4,10,4,5,AWAY_TEAM,2023-11-04
441873,4,4,10,11,12,DRAW,2023-11-05
441877,4,4,10,44,10,HOME_TEAM,2023-11-05
441882,4,4,11,18,11,HOME_TEAM,2023-11-10
441879,4,4,11,5,44,HOME_TEAM,2023-11-11
441885,4,4,11,16,2,DRAW,2023-11-11
441886,4,4,11,10,4,HOME_TEAM,2023-11-11
441887,4,4,11,55,15,DRAW,2023-11-11
441884,4,4,11,36,1,DRAW,2023-11-11
441881,4,4,11,3,28,HOME_TEAM,2023-11-12
441883,4,4,11,12,19,DRAW,2023-11-12
441880,4,4,11,721,17,HOME_TEAM,2023-11-12
441893,4,4,12,1,5,AWAY_TEAM,2023-11-24
441888,4,4,12,4,18,HOME_TEAM,2023-11-25
441889,4,4,12,28,16,DRAW,2023-11-25
441890,4,4,12,17,55,DRAW,2023-11-25
441892,4,4,12,11,721,HOME_TEAM,2023-11-25
441895,4,4,12,12,3,AWAY_TEAM,2023-11-25
441891,4,4,12,19,10,AWAY_TEAM,2023-11-25
441896,4,4,12,44,36,DRAW,2023-11-26
441894,4,4,12,2,15,DRAW,2023-11-26
441905,4,4,13,55,1,AWAY_TEAM,2023-12-01
441898,4,4,13,721,44,HOME_TEAM,2023-12-02
441901,4,4,13,18,2,HOME_TEAM,2023-12-02
441902,4,4,13,36,11,HOME_TEAM,2023-12-02
441904,4,4,13,10,12,HOME_TEAM,2023-12-02
441900,4,4,13,15,17,AWAY_TEAM,2023-12-03
441899,4,4,13,3,4,DRAW,2023-12-03
441903,4,4,13,16,19,HOME_TEAM,2023-12-03
441911,4,4,14,2,36,HOME_TEAM,2023-12-08
441907,4,4,14,28,18,HOME_TEAM,2023-12-09
441908,4,4,14,19,5,HOME_TEAM,2023-12-09
441909,4,4,14,11,17,AWAY_TEAM,2023-12-09
441912,4,4,14,12,16,HOME_TEAM,2023-12-09
441914,4,4,14,44,55,HOME_TEAM,2023-12-09
441906,4,4,14,4,721,AWAY_TEAM,2023-12-09
441913,4,4,14,10,3,DRAW,2023-12-10
441910,4,4,14,1,15,DRAW,2023-12-10
441920,4,4,15,18,12,DRAW,2023-12-15
441919,4,4,15,15,44,AWAY_TEAM,2023-12-16
441921,4,4,15,36,28,HOME_TEAM,2023-12-16
441922,4,4,15,16,4,DRAW,2023-12-16
441923,4,4,15,55,11,AWAY_TEAM,2023-12-16
441916,4,4,15,721,2,HOME_TEAM,2023-12-16
441917,4,4,15,17,1,HOME_TEAM,2023-12-17
441918,4,4,15,3,19,HOME_TEAM,2023-12-17
441915,4,4,15,5,10,HOME_TEAM,2023-12-17
441930,4,4,16,12,721,DRAW,2023-12-19
441924,4,4,16,4,15,DRAW,2023-12-19
441929,4,4,16,2,55,DRAW,2023-12-19
441925,4,4,16,28,1,HOME_TEAM,2023-12-20
441926,4,4,16,3,36,HOME_TEAM,2023-12-20
441927,4,4,16,19,18,HOME_TEAM,2023-12-20
441928,4,4,16,11,5,AWAY_TEAM,2023-12-20
441931,4,4,16,10,16,HOME_TEAM,2023-12-20
441932,4,4,16,44,17,HOME_TEAM,2023-12-20
441933,4,4,17,5,2,HOME_TEAM,2024-01-12
441934,4,4,17,721,19,AWAY_TEAM,2024-01-13
441935,4,4,17,17,28,DRAW,2024-01-13
441936,4,4,17,15,11,DRAW,2024-01-13
441938,4,4,17,1,44,DRAW,2024-01-13
441940,4,4,17,16,3,AWAY_TEAM,2024-01-13
441941,4,4,17,55,4,AWAY_TEAM,2024-01-13
441939,4,4,17,36,12,DRAW,2024-01-14
441937,4,4,17,18,10,HOME_TEAM,2024-01-14
441943,4,4,18,1,4,AWAY_TEAM,2024-01-20
441946,4,4,18,55,19,DRAW,2024-01-20
441947,4,4,18,44,11,DRAW,2024-01-20
441948,4,4,18,17,2,HOME_TEAM,2024-01-20
441950,4,4,18,36,10,HOME_TEAM,2024-01-20
441945,4,4,18,721,3,AWAY_TEAM,2024-01-20
441942,4,4,18,5,12,AWAY_TEAM,2024-01-21
441949,4,4,18,18,16,AWAY_TEAM,2024-01-21
441897,4,4,13,5,28,HOME_TEAM,2024-01-24
441954,4,4,19,19,15,HOME_TEAM,2024-01-26
441951,4,4,19,16,5,AWAY_TEAM,2024-01-27
441952,4,4,19,10,721,HOME_TEAM,2024-01-27
441953,4,4,19,12,17,HOME_TEAM,2024-01-27
441956,4,4,19,11,1,DRAW,2024-01-27
441958,4,4,19,2,44,DRAW,2024-01-27
441955,4,4,19,3,18,DRAW,2024-01-27
441959,4,4,19,28,55,HOME_TEAM,2024-01-28
441957,4,4,19,4,36,HOME_TEAM,2024-01-28
441960,4,4,20,44,4,DRAW,2024-02-02
441962,4,4,20,55,3,AWAY_TEAM,2024-02-03
441964,4,4,20,5,18,HOME_TEAM,2024-02-03
441966,4,4,20,15,12,AWAY_TEAM,2024-02-03
441967,4,4,20,36,16,DRAW,2024-02-03
441968,4,4,20,17,10,AWAY_TEAM,2024-02-03
441963,4,4,20,1,19,HOME_TEAM,2024-02-03
441965,4,4,20,11,2,DRAW,2024-02-04
441961,4,4,20,721,28,HOME_TEAM,2024-02-04
441944,4,4,18,15,28,DRAW,2024-02-07
441971,4,4,21,4,17,HOME_TEAM,2024-02-09
441970,4,4,21,16,721,DRAW,2024-02-10
441972,4,4,21,28,11,HOME_TEAM,2024-02-10
441975,4,4,21,19,36,DRAW,2024-02-10
441976,4,4,21,12,44,AWAY_TEAM,2024-02-10
441977,4,4,21,18,55,DRAW,2024-02-10
441969,4,4,21,3,5,HOME_TEAM,2024-02-10
441973,4,4,21,10,15,HOME_TEAM,2024-02-11
441974,4,4,21,2,1,DRAW,2024-02-11
441984,4,4,22,1,12,AWAY_TEAM,2024-02-16
441979,4,4,22,11,4,DRAW,2024-02-17
441980,4,4,22,2,28,AWAY_TEAM,2024-02-17
441981,4,4,22,44,3,AWAY_TEAM,2024-02-17
441985,4,4,22,15,16,HOME_TEAM,2024-02-17
441986,4,4,22,55,10,AWAY_TEAM,2024-02-17
441983,4,4,22,721,18,HOME_TEAM,2024-02-17
441982,4,4,22,17,19,DRAW,2024-02-18
441978,4,4,22,36,5,HOME_TEAM,2024-02-18
441990,4,4,23,3,15,HOME_TEAM,2024-02-23
441991,4,4,23,10,1,DRAW,2024-02-24
441994,4,4,23,28,44,DRAW,2024-02-24
441995,4,4,23,12,55,DRAW,2024-02-24
441993,4,4,23,18,36,HOME_TEAM,2024-02-24
441987,4,4,23,5,721,HOME_TEAM,2024-02-24
441989,4,4,23,19,11,DRAW,2024-02-25
441992,4,4,23,4,2,AWAY_TEAM,2024-02-25
441988,4,4,23,16,17,HOME_TEAM,2024-02-25
441996,4,4,24,17,5,DRAW,2024-03-01
441997,4,4,24,28,4,AWAY_TEAM,2024-03-02
441998,4,4,24,36,721,AWAY_TEAM,2024-03-02
442000,4,4,24,44,19,AWAY_TEAM,2024-03-02
442001,4,4,24,15,18,DRAW,2024-03-02
442003,4,4,24,55,16,AWAY_TEAM,2024-03-02
442004,4,4,24,11,10,AWAY_TEAM,2024-03-02
441999,4,4,24,1,3,AWAY_TEAM,2024-03-03
442002,4,4,24,2,12,HOME_TEAM,2024-03-03
442006,4,4,25,10,28,HOME_TEAM,2024-03-08
442009,4,4,25,5,15,HOME_TEAM,2024-03-09
442010,4,4,25,18,1,DRAW,2024-03-09
442012,4,4,25,16,44,HOME_TEAM,2024-03-09
442013,4,4,25,721,55,HOME_TEAM,2024-03-09
442005,4,4,25,12,4,AWAY_TEAM,2024-03-09
442007,4,4,25,36,17,AWAY_TEAM,2024-03-10
442011,4,4,25,19,2,HOME_TEAM,2024-03-10
442008,4,4,25,3,11,HOME_TEAM,2024-03-10
442015,4,4,26,1,721,AWAY_TEAM,2024-03-15
442014,4,4,26,55,5,AWAY_TEAM,2024-03-16
442018,4,4,26,44,18,DRAW,2024-03-16
442019,4,4,26,28,12,HOME_TEAM,2024-03-16
442020,4,4,26,15,36,HOME_TEAM,2024-03-16
442021,4,4,26,11,16,AWAY_TEAM,2024-03-16
442022,4,4,26,2,10,AWAY_TEAM,2024-03-16
442016,4,4,26,17,3,AWAY_TEAM,2024-03-17
442017,4,4,26,4,19,HOME_TEAM,2024-03-17
442024,4,4,27,19,28,DRAW,2024-03-30
442025,4,4,27,18,17,AWAY_TEAM,2024-03-30
442026,4,4,27,12,11,AWAY_TEAM,2024-03-30
442027,4,4,27,721,15,DRAW,2024-03-30
442029,4,4,27,3,2,HOME_TEAM,2024-03-30
442023,4,4,27,5,4,AWAY_TEAM,2024-03-30
442028,4,4,27,16,1,DRAW,2024-03-31
442030,4,4,27,10,44,DRAW,2024-03-31
442031,4,4,27,36,55,DRAW,2024-03-31
442036,4,4,28,19,12,DRAW,2024-04-05
442032,4,4,28,44,5,HOME_TEAM,2024-04-06
442033,4,4,28,17,721,AWAY_TEAM,2024-04-06
442034,4,4,28,28,3,AWAY_TEAM,2024-04-06
442037,4,4,28,1,36,HOME_TEAM,2024-04-06
442040,4,4,28,15,55,HOME_TEAM,2024-04-06
442039,4,4,28,4,10,AWAY_TEAM,2024-04-06
442038,4,4,28,2,16,HOME_TEAM,2024-04-07
442035,4,4,28,11,18,AWAY_TEAM,2024-04-07
442042,4,4,29,16,28,HOME_TEAM,2024-04-12
442041,4,4,29,18,4,AWAY_TEAM,2024-04-13
442045,4,4,29,721,11,HOME_TEAM,2024-04-13
442046,4,4,29,5,1,HOME_TEAM,2024-04-13
442047,4,4,29,15,2,HOME_TEAM,2024-04-13
442049,4,4,29,36,44,DRAW,2024-04-13
442044,4,4,29,10,19,HOME_TEAM,2024-04-13
442043,4,4,29,55,17,AWAY_TEAM,2024-04-14
442048,4,4,29,3,12,HOME_TEAM,2024-04-14
442056,4,4,30,19,16,HOME_TEAM,2024-04-19
442051,4,4,30,44,721,AWAY_TEAM,2024-04-20
442054,4,4,30,2,18,HOME_TEAM,2024-04-20
442055,4,4,30,11,36,HOME_TEAM,2024-04-20
442058,4,4,30,1,55,AWAY_TEAM,2024-04-20
442050,4,4,30,28,5,AWAY_TEAM,2024-04-20
442057,4,4,30,12,10,HOME_TEAM,2024-04-21
442052,4,4,30,4,3,DRAW,2024-04-21
442053,4,4,30,17,15,DRAW,2024-04-21
442064,4,4,31,36,2,HOME_TEAM,2024-04-26
442059,4,4,31,721,4,HOME_TEAM,2024-04-27
442061,4,4,31,5,19,HOME_TEAM,2024-04-27
442062,4,4,31,17,11,AWAY_TEAM,2024-04-27
442065,4,4,31,16,12,AWAY_TEAM,2024-04-27
442066,4,4,31,3,10,DRAW,2024-04-27
442060,4,4,31,18,28,DRAW,2024-04-28
442063,4,4,31,15,1,DRAW,2024-04-28
442067,4,4,31,55,44,AWAY_TEAM,2024-04-28
442069,4,4,32,2,721,DRAW,2024-05-03
442068,4,4,32,10,5,HOME_TEAM,2024-05-04
442073,4,4,32,12,18,DRAW,2024-05-04
442075,4,4,32,4,16,HOME_TEAM,2024-05-04
442076,4,4,32,11,55,HOME_TEAM,2024-05-04
442070,4,4,32,1,17,DRAW,2024-05-04
442074,4,4,32,28,36,AWAY_TEAM,2024-05-05
442071,4,4,32,19,3,AWAY_TEAM,2024-05-05
442072,4,4,32,44,15,DRAW,2024-05-05
442084,4,4,33,16,10,AWAY_TEAM,2024-05-10
442078,4,4,33,1,28,HOME_TEAM,2024-05-11
442080,4,4,33,18,19,DRAW,2024-05-11
442083,4,4,33,721,12,DRAW,2024-05-11
442085,4,4,33,17,44,DRAW,2024-05-11
442077,4,4,33,15,4,HOME_TEAM,2024-05-11
442082,4,4,33,55,2,AWAY_TEAM,2024-05-12
442081,4,4,33,5,11,HOME_TEAM,2024-05-12
442079,4,4,33,36,3,AWAY_TEAM,2024-05-12
442086,4,4,34,2,5,HOME_TEAM,2024-05-18
442087,4,4,34,19,721,DRAW,2024-05-18
442088,4,4,34,28,17,HOME_TEAM,2024-05-18
442089,4,4,34,11,15,AWAY_TEAM,2024-05-18
442090,4,4,34,10,18,HOME_TEAM,2024-05-18
442091,4,4,34,44,1,HOME_TEAM,2024-05-18
442092,4,4,34,12,36,HOME_TEAM,2024-05-18
442093,4,4,34,3,16,HOME_TEAM,2024-05-18
442094,4,4,34,4,55,HOME_TEAM,2024-05-18
442710,5,5,1,522,521,DRAW,2023-08-11
442711,5,5,1,516,547,HOME_TEAM,2023-08-12
442712,5,5,1,524,525,DRAW,2023-08-12
442714,5,5,1,512,546,HOME_TEAM,2023-08-13
442707,5,5,1,541,548,AWAY_TEAM,2023-08-13
442708,5,5,1,543,511,AWAY_TEAM,2023-08-13
442709,5,5,1,518,533,DRAW,2023-08-13
442715,5,5,1,529,545,HOME_TEAM,2023-08-13
442713,5,5,1,576,523,HOME_TEAM,2023-08-13
442719,5,5,2,545,516,DRAW,2023-08-18
442721,5,5,2,523,518,AWAY_TEAM,2023-08-19
442720,5,5,2,511,524,DRAW,2023-08-19
442722,5,5,2,521,543,HOME_TEAM,2023-08-20
442716,5,5,2,533,512,AWAY_TEAM,2023-08-20
442718,5,5,2,525,522,DRAW,2023-08-20
442724,5,5,2,547,541,HOME_TEAM,2023-08-20
442717,5,5,2,548,576,HOME_TEAM,2023-08-20
442723,5,5,2,546,529,DRAW,2023-08-20
442727,5,5,3,543,548,DRAW,2023-08-25
442730,5,5,3,516,512,HOME_TEAM,2023-08-26
442731,5,5,3,524,546,HOME_TEAM,2023-08-26
442733,5,5,3,529,533,DRAW,2023-08-27
442725,5,5,3,541,545,AWAY_TEAM,2023-08-27
442728,5,5,3,518,547,AWAY_TEAM,2023-08-27
442732,5,5,3,576,511,HOME_TEAM,2023-08-27
442726,5,5,3,525,521,HOME_TEAM,2023-08-27
442729,5,5,3,522,523,DRAW,2023-08-27
442737,5,5,4,543,516,DRAW,2023-09-01
442741,5,5,4,512,529,DRAW,2023-09-02
442735,5,5,4,548,546,HOME_TEAM,2023-09-02
442738,5,5,4,511,541,DRAW,2023-09-03
442734,5,5,4,533,525,HOME_TEAM,2023-09-03
442736,5,5,4,545,547,DRAW,2023-09-03
442740,5,5,4,521,518,HOME_TEAM,2023-09-03
442739,5,5,4,522,576,HOME_TEAM,2023-09-03
442742,5,5,4,523,524,AWAY_TEAM,2023-09-03
442747,5,5,5,524,522,AWAY_TEAM,2023-09-15
442751,5,5,5,529,521,DRAW,2023-09-16
442749,5,5,5,546,545,AWAY_TEAM,2023-09-16
442744,5,5,5,525,548,DRAW,2023-09-17
442743,5,5,5,541,543,AWAY_TEAM,2023-09-17
442748,5,5,5,576,518,DRAW,2023-09-17
442750,5,5,5,547,512,AWAY_TEAM,2023-09-17
442746,5,5,5,516,511,DRAW,2023-09-17
442745,5,5,5,523,533,DRAW,2023-09-17
442753,5,5,6,548,522,AWAY_TEAM,2023-09-22
442755,5,5,6,543,525,HOME_TEAM,2023-09-23
442760,5,5,6,512,523,HOME_TEAM,2023-09-23
442754,5,5,6,545,576,AWAY_TEAM,2023-09-24
442752,5,5,6,533,541,HOME_TEAM,2023-09-24
442759,5,5,6,546,511,HOME_TEAM,2023-09-24
442756,5,5,6,518,529,DRAW,2023-09-24
442758,5,5,6,524,516,HOME_TEAM,2023-09-24
442757,5,5,6,521,547,AWAY_TEAM,2023-09-26
442767,5,5,7,576,546,AWAY_TEAM,2023-09-29
442763,5,5,7,541,524,DRAW,2023-09-30
442762,5,5,7,548,516,HOME_TEAM,2023-09-30
442768,5,5,7,547,523,HOME_TEAM,2023-10-01
442761,5,5,7,533,521,AWAY_TEAM,2023-10-01
442765,5,5,7,511,545,HOME_TEAM,2023-10-01
442766,5,5,7,522,512,DRAW,2023-10-01
442764,5,5,7,525,518,AWAY_TEAM,2023-10-01
442769,5,5,7,529,543,HOME_TEAM,2023-10-01
442774,5,5,8,576,543,AWAY_TEAM,2023-10-06
442770,5,5,8,545,522,AWAY_TEAM,2023-10-07
442777,5,5,8,547,548,AWAY_TEAM,2023-10-07
442772,5,5,8,516,533,HOME_TEAM,2023-10-08
442773,5,5,8,523,525,DRAW,2023-10-08
442776,5,5,8,512,511,DRAW,2023-10-08
442775,5,5,8,546,521,DRAW,2023-10-08
442778,5,5,8,529,524,AWAY_TEAM,2023-10-08
442779,5,5,9,533,546,DRAW,2023-10-20
442787,5,5,9,524,576,HOME_TEAM,2023-10-21
442784,5,5,9,522,516,HOME_TEAM,2023-10-21
442781,5,5,9,525,529,HOME_TEAM,2023-10-22
442782,5,5,9,543,518,HOME_TEAM,2023-10-22
442783,5,5,9,511,547,DRAW,2023-10-22
442786,5,5,9,521,512,HOME_TEAM,2023-10-22
442780,5,5,9,548,545,HOME_TEAM,2023-10-22
442785,5,5,9,523,541,AWAY_TEAM,2023-10-22
442788,5,5,10,541,522,AWAY_TEAM,2023-10-27
442795,5,5,10,547,525,HOME_TEAM,2023-10-28
442793,5,5,10,546,543,HOME_TEAM,2023-10-28
442794,5,5,10,512,524,AWAY_TEAM,2023-10-29
442789,5,5,10,545,533,DRAW,2023-10-29
442790,5,5,10,518,511,HOME_TEAM,2023-10-29
442792,5,5,10,521,548,HOME_TEAM,2023-10-29
442796,5,5,10,529,576,DRAW,2023-10-29
442804,5,5,11,524,518,HOME_TEAM,2023-11-03
442798,5,5,11,525,546,DRAW,2023-11-04
442803,5,5,11,516,521,DRAW,2023-11-04
442802,5,5,11,523,545,DRAW,2023-11-05
442799,5,5,11,543,547,AWAY_TEAM,2023-11-05
442800,5,5,11,511,533,AWAY_TEAM,2023-11-05
442805,5,5,11,576,541,DRAW,2023-11-05
442797,5,5,11,548,512,HOME_TEAM,2023-11-05
442801,5,5,11,522,529,HOME_TEAM,2023-11-05
442809,5,5,12,518,522,DRAW,2023-11-10
442813,5,5,12,547,524,AWAY_TEAM,2023-11-11
442806,5,5,12,533,548,DRAW,2023-11-11
442807,5,5,12,541,525,HOME_TEAM,2023-11-12
442808,5,5,12,545,543,HOME_TEAM,2023-11-12
442810,5,5,12,521,511,DRAW,2023-11-12
442814,5,5,12,529,523,AWAY_TEAM,2023-11-12
442811,5,5,12,546,516,HOME_TEAM,2023-11-12
442821,5,5,13,524,548,HOME_TEAM,2023-11-24
442815,5,5,13,541,546,AWAY_TEAM,2023-11-25
442822,5,5,13,576,516,DRAW,2023-11-25
442819,5,5,13,522,511,HOME_TEAM,2023-11-26
442816,5,5,13,525,545,AWAY_TEAM,2023-11-26
442817,5,5,13,543,533,DRAW,2023-11-26
442818,5,5,13,518,512,AWAY_TEAM,2023-11-26
442823,5,5,13,529,547,HOME_TEAM,2023-11-26
442820,5,5,13,523,521,AWAY_TEAM,2023-11-26
442771,5,5,8,518,541,DRAW,2023-11-29
442832,5,5,14,547,576,HOME_TEAM,2023-12-01
442830,5,5,14,546,523,HOME_TEAM,2023-12-02
442826,5,5,14,543,522,HOME_TEAM,2023-12-02
442824,5,5,14,533,524,AWAY_TEAM,2023-12-03
442825,5,5,14,548,518,HOME_TEAM,2023-12-03
442827,5,5,14,511,525,DRAW,2023-12-03
442831,5,5,14,512,541,HOME_TEAM,2023-12-03
442829,5,5,14,521,545,HOME_TEAM,2023-12-03
442828,5,5,14,516,529,HOME_TEAM,2023-12-03
442791,5,5,10,516,523,HOME_TEAM,2023-12-06
442812,5,5,12,512,576,DRAW,2023-12-07
442836,5,5,15,518,546,DRAW,2023-12-08
442841,5,5,15,529,548,AWAY_TEAM,2023-12-09
442839,5,5,15,524,543,HOME_TEAM,2023-12-09
442837,5,5,15,522,547,HOME_TEAM,2023-12-10
442833,5,5,15,541,521,DRAW,2023-12-10
442835,5,5,15,545,512,AWAY_TEAM,2023-12-10
442840,5,5,15,576,533,HOME_TEAM,2023-12-10
442838,5,5,15,523,511,HOME_TEAM,2023-12-10
442834,5,5,15,525,516,AWAY_TEAM,2023-12-10
442843,5,5,16,548,523,AWAY_TEAM,2023-12-15
442842,5,5,16,533,522,HOME_TEAM,2023-12-16
442850,5,5,16,546,547,HOME_TEAM,2023-12-16
442846,5,5,16,543,512,AWAY_TEAM,2023-12-17
442844,5,5,16,525,576,AWAY_TEAM,2023-12-17
442845,5,5,16,545,518,AWAY_TEAM,2023-12-17
442847,5,5,16,511,529,DRAW,2023-12-17
442848,5,5,16,516,541,HOME_TEAM,2023-12-17
442849,5,5,16,521,524,DRAW,2023-12-17
442851,5,5,17,541,529,AWAY_TEAM,2023-12-20
442852,5,5,17,511,548,AWAY_TEAM,2023-12-20
442853,5,5,17,518,516,DRAW,2023-12-20
442854,5,5,17,522,546,HOME_TEAM,2023-12-20
442855,5,5,17,523,543,HOME_TEAM,2023-12-20
442856,5,5,17,524,545,HOME_TEAM,2023-12-20
442857,5,5,17,576,521,HOME_TEAM,2023-12-20
442858,5,5,17,512,525,HOME_TEAM,2023-12-20
442859,5,5,17,547,533,HOME_TEAM,2023-12-20
442864,5,5,18,516,576,DRAW,2024-01-12
442861,5,5,18,548,547,AWAY_TEAM,2024-01-13
442868,5,5,18,529,522,HOME_TEAM,2024-01-13
442865,5,5,18,521,525,HOME_TEAM,2024-01-14
442862,5,5,18,545,511,AWAY_TEAM,2024-01-14
442863,5,5,18,543,541,AWAY_TEAM,2024-01-14
442867,5,5,18,512,518,HOME_TEAM,2024-01-14
442860,5,5,18,533,523,HOME_TEAM,2024-01-14
442866,5,5,18,546,524,AWAY_TEAM,2024-01-14
442875,5,5,19,523,529,AWAY_TEAM,2024-01-26
442873,5,5,19,522,545,HOME_TEAM,2024-01-27
442874,5,5,19,516,548,DRAW,2024-01-27
442872,5,5,19,518,521,DRAW,2024-01-28
442869,5,5,19,541,576,DRAW,2024-01-28
442870,5,5,19,525,533,DRAW,2024-01-28
442877,5,5,19,547,543,DRAW,2024-01-28
442871,5,5,19,511,546,AWAY_TEAM,2024-01-28
442876,5,5,19,524,512,DRAW,2024-01-28
442883,5,5,20,576,524,AWAY_TEAM,2024-02-02
442886,5,5,20,529,518,HOME_TEAM,2024-02-03
442880,5,5,20,543,546,AWAY_TEAM,2024-02-03
442878,5,5,20,548,533,DRAW,2024-02-04
442882,5,5,20,521,541,HOME_TEAM,2024-02-04
442885,5,5,20,547,511,AWAY_TEAM,2024-02-04
442879,5,5,20,545,525,AWAY_TEAM,2024-02-04
442884,5,5,20,512,522,DRAW,2024-02-04
442881,5,5,20,523,516,HOME_TEAM,2024-02-04
442893,5,5,21,516,545,DRAW,2024-02-09
442895,5,5,21,546,576,HOME_TEAM,2024-02-10
442894,5,5,21,524,521,HOME_TEAM,2024-02-10
442887,5,5,21,533,529,AWAY_TEAM,2024-02-11
442888,5,5,21,541,512,DRAW,2024-02-11
442889,5,5,21,525,547,HOME_TEAM,2024-02-11
442890,5,5,21,511,543,AWAY_TEAM,2024-02-11
442891,5,5,21,518,523,AWAY_TEAM,2024-02-11
442892,5,5,21,522,548,AWAY_TEAM,2024-02-11
442899,5,5,22,523,522,HOME_TEAM,2024-02-16
442900,5,5,22,521,533,HOME_TEAM,2024-02-17
442897,5,5,22,543,524,AWAY_TEAM,2024-02-17
442901,5,5,22,576,525,AWAY_TEAM,2024-02-18
442896,5,5,22,548,511,AWAY_TEAM,2024-02-18
442898,5,5,22,518,545,HOME_TEAM,2024-02-18
442904,5,5,22,529,541,HOME_TEAM,2024-02-18
442903,5,5,22,547,546,DRAW,2024-02-18
442902,5,5,22,512,516,HOME_TEAM,2024-02-18
442907,5,5,23,545,523,AWAY_TEAM,2024-02-23
442906,5,5,23,525,543,AWAY_TEAM,2024-02-24
442912,5,5,23,576,512,AWAY_TEAM,2024-02-24
442913,5,5,23,546,548,AWAY_TEAM,2024-02-25
442905,5,5,23,533,547,AWAY_TEAM,2024-02-25
442908,5,5,23,511,521,HOME_TEAM,2024-02-25
442909,5,5,23,522,541,DRAW,2024-02-25
442911,5,5,23,524,529,DRAW,2024-02-25
442910,5,5,23,516,518,HOME_TEAM,2024-02-25
442914,5,5,24,548,524,DRAW,2024-03-01
442921,5,5,24,547,521,AWAY_TEAM,2024-03-02
442915,5,5,24,541,516,AWAY_TEAM,2024-03-02
442917,5,5,24,511,522,HOME_TEAM,2024-03-03
442916,5,5,24,543,545,AWAY_TEAM,2024-03-03
442918,5,5,24,518,576,DRAW,2024-03-03
442920,5,5,24,512,533,HOME_TEAM,2024-03-03
442922,5,5,24,529,525,AWAY_TEAM,2024-03-03
442919,5,5,24,523,546,AWAY_TEAM,2024-03-03
442926,5,5,25,522,518,AWAY_TEAM,2024-03-08
442924,5,5,25,525,523,AWAY_TEAM,2024-03-09
442931,5,5,25,546,512,HOME_TEAM,2024-03-09
442929,5,5,25,524,547,DRAW,2024-03-10
442923,5,5,25,533,511,HOME_TEAM,2024-03-10
442925,5,5,25,545,541,HOME_TEAM,2024-03-10
442930,5,5,25,576,548,AWAY_TEAM,2024-03-10
442928,5,5,25,521,529,DRAW,2024-03-10
442927,5,5,25,516,543,HOME_TEAM,2024-03-10
442935,5,5,26,511,523,AWAY_TEAM,2024-03-15
442934,5,5,26,543,576,AWAY_TEAM,2024-03-16
442937,5,5,26,546,522,AWAY_TEAM,2024-03-16
442938,5,5,26,512,521,DRAW,2024-03-17
442932,5,5,26,548,525,DRAW,2024-03-17
442933,5,5,26,541,533,HOME_TEAM,2024-03-17
442939,5,5,26,547,545,HOME_TEAM,2024-03-17
442940,5,5,26,529,516,HOME_TEAM,2024-03-17
442936,5,5,26,518,524,AWAY_TEAM,2024-03-17
442948,5,5,27,521,546,HOME_TEAM,2024-03-29
442944,5,5,27,545,548,AWAY_TEAM,2024-03-30
442947,5,5,27,523,547,DRAW,2024-03-30
442943,5,5,27,525,512,AWAY_TEAM,2024-03-31
442941,5,5,27,533,518,AWAY_TEAM,2024-03-31
442942,5,5,27,541,511,AWAY_TEAM,2024-03-31
442945,5,5,27,522,543,AWAY_TEAM,2024-03-31
442949,5,5,27,576,529,HOME_TEAM,2024-03-31
442946,5,5,27,516,524,AWAY_TEAM,2024-03-31
442954,5,5,28,521,516,HOME_TEAM,2024-04-05
442956,5,5,28,546,533,DRAW,2024-04-06
442955,5,5,28,524,541,DRAW,2024-04-06
442957,5,5,28,512,545,HOME_TEAM,2024-04-07
442952,5,5,28,511,576,DRAW,2024-04-07
442953,5,5,28,518,525,HOME_TEAM,2024-04-07
442958,5,5,28,547,522,DRAW,2024-04-07
442950,5,5,28,548,529,HOME_TEAM,2024-04-07
442951,5,5,28,543,523,AWAY_TEAM,2024-04-07
442963,5,5,29,545,546,HOME_TEAM,2024-04-12
442966,5,5,29,576,547,HOME_TEAM,2024-04-13
442967,5,5,29,529,511,AWAY_TEAM,2024-04-13
442959,5,5,29,533,543,AWAY_TEAM,2024-04-14
442961,5,5,29,541,518,DRAW,2024-04-14
442965,5,5,29,523,512,HOME_TEAM,2024-04-14
442971,5,5,30,522,525,HOME_TEAM,2024-04-19
442969,5,5,30,543,529,AWAY_TEAM,2024-04-20
442974,5,5,30,546,541,HOME_TEAM,2024-04-20
442968,5,5,30,533,545,AWAY_TEAM,2024-04-21
442972,5,5,30,521,576,HOME_TEAM,2024-04-21
442976,5,5,30,547,518,AWAY_TEAM,2024-04-21
442975,5,5,30,512,548,AWAY_TEAM,2024-04-21
442970,5,5,30,511,516,DRAW,2024-04-21
442973,5,5,30,524,523,HOME_TEAM,2024-04-21
442962,5,5,29,525,524,AWAY_TEAM,2024-04-24
442960,5,5,29,548,521,HOME_TEAM,2024-04-24
442964,5,5,29,516,522,DRAW,2024-04-24
442980,5,5,31,518,543,DRAW,2024-04-26
442983,5,5,31,524,533,DRAW,2024-04-27
442979,5,5,31,545,521,AWAY_TEAM,2024-04-28
442977,5,5,31,541,547,HOME_TEAM,2024-04-28
442978,5,5,31,525,511,AWAY_TEAM,2024-04-28
442984,5,5,31,576,522,AWAY_TEAM,2024-04-28
442985,5,5,31,529,512,AWAY_TEAM,2024-04-28
442981,5,5,31,523,548,HOME_TEAM,2024-04-28
442982,5,5,31,516,546,HOME_TEAM,2024-04-28
442989,5,5,32,511,518,AWAY_TEAM,2024-05-03
442992,5,5,32,546,525,HOME_TEAM,2024-05-03
442986,5,5,32,533,576,HOME_TEAM,2024-05-04
442987,5,5,32,548,541,HOME_TEAM,2024-05-04
442988,5,5,32,545,529,AWAY_TEAM,2024-05-04
442993,5,5,32,512,543,DRAW,2024-05-04
442991,5,5,32,521,523,AWAY_TEAM,2024-05-06
442998,5,5,33,522,533,HOME_TEAM,2024-05-10
443002,5,5,33,512,547,DRAW,2024-05-10
442995,5,5,33,541,523,AWAY_TEAM,2024-05-12
442996,5,5,33,543,521,AWAY_TEAM,2024-05-12
442997,5,5,33,518,548,AWAY_TEAM,2024-05-12
442999,5,5,33,516,525,HOME_TEAM,2024-05-12
443000,5,5,33,524,511,AWAY_TEAM,2024-05-12
443001,5,5,33,576,545,HOME_TEAM,2024-05-12
443003,5,5,33,529,546,DRAW,2024-05-12
442990,5,5,32,522,524,AWAY_TEAM,2024-05-15
442994,5,5,32,547,516,HOME_TEAM,2024-05-15
443004,5,5,34,533,516,AWAY_TEAM,2024-05-19
443005,5,5,34,548,543,HOME_TEAM,2024-05-19
443006,5,5,34,525,541,HOME_TEAM,2024-05-19
443007,5,5,34,545,524,AWAY_TEAM,2024-05-19
443008,5,5,34,511,512,AWAY_TEAM,2024-05-19
443009,5,5,34,523,576,HOME_TEAM,2024-05-19
443010,5,5,34,521,522,DRAW,2024-05-19
443011,5,5,34,546,518,DRAW,2024-05-19
443012,5,5,34,547,529,HOME_TEAM,2024-05-19
